BLOCK,FLOOR,FLAT,PRICE,SFA
2,14,G,0.2,416
7,12,A,0.4,506
2,6,E,0.4,444
1,9,E,0.4,444
10,21,H,0.5,561
6,24,H,0.6,506
9,7,E,0.6,561
4,7,E,0.6,366
1,5,A,0.7,372
1,7,A,0.7,372
7,32,E,0.7,366
8,3,G,0.7,387
3,10,A,0.7,454
4,9,D,0.7,366
3,15,F,0.8,416
10,10,C,0.8,431
2,6,A,0.8,372
3,31,C,0.8,362
1,13,A,0.8,372
6,30,D,0.8,366
7,30,D,0.8,366
4,26,D,0.8,366
11,17,F,0.8,387
9,30,F,0.8,387
1,12,B,0.8,416
4,19,E,0.8,366
4,17,F,0.8,440
6,15,B,0.8,412
8,10,F,0.8,194
9,23,A,0.8,587
9,23,E,0.8,561
9,20,F,0.8,387
5,4,D,0.8,366
1,33,E,0.8,444
7,8,D,0.8,366
8,3,G,0.8,387
8,24,F,0.8,387
10,3,F,0.8,387
1,8,C,0.8,416
5,18,C,0.8,440
5,4,C,0.8,440
6,7,D,0.8,366
3,6,D,0.9,451
6,17,C,0.9,435
7,24,E,0.9,366
12,33,F,0.9,387
2,19,F,0.9,416
8,19,F,0.9,387
2,12,F,0.9,416
6,11,C,0.9,435
6,10,F,0.9,440
7,12,A,0.9,506
12,12,H,0.9,561
1,7,A,0.9,372
1,30,C,0.9,416
3,21,A,0.9,454
10,4,F,0.9,387
10,13,G,0.9,387
12,3,F,0.9,387
1,8,C,0.9,416
10,7,B,0.9,431
3,25,F,0.9,416
5,19,A,0.9,506
6,28,D,0.9,366
6,4,H,0.9,506
7,8,D,0.9,366
8,11,B,0.9,431
8,20,G,0.9,387
8,18,B,0.9,431
9,34,H,0.9,561
10,28,D,0.9,587
10,9,F,0.9,387
10,23,G,0.9,387
11,7,G,0.9,387
1,7,H,0.9,372
2,23,B,0.9,419
7,28,F,0.9,440
12,32,F,0.9,387
3,33,C,0.9,362
7,32,F,0.9,440
10,30,F,0.9,387
1,5,E,0.9,444
3,16,D,0.9,451
7,31,F,0.9,440
11,32,F,0.9,387
12,6,B,0.9,431
2,24,G,0.9,416
2,24,F,0.9,416
3,10,C,0.9,362
8,32,G,0.9,387
1,4,A,1.0,372
3,6,D,1.0,451
4,13,H,1.0,506
5,22,E,1.0,366
5,12,E,1.0,366
5,31,C,1.0,440
7,13,E,1.0,366
7,16,F,1.0,440
8,8,A,1.0,587
8,7,B,1.0,431
1,4,H,1.0,372
7,32,D,1.0,366
7,17,C,1.0,440
9,19,C,1.0,431
4,20,C,1.0,440
10,31,C,1.0,431
11,34,C,1.0,431
1,17,A,1.0,372
1,7,A,1.0,372
1,25,B,1.0,416
2,10,A,1.0,372
3,25,F,1.0,416
3,24,D,1.0,451
3,22,C,1.0,362
5,29,D,1.0,366
7,19,D,1.0,366
7,26,F,1.0,440
8,4,G,1.0,387
9,16,G,1.0,387
9,16,H,1.0,561
10,34,G,1.0,387
12,25,B,1.0,431
1,16,C,1.0,416
2,23,F,1.0,416
3,29,F,1.0,416
8,19,H,1.0,561
11,11,G,1.0,387
1,24,F,1.0,419
1,34,D,1.0,444
1,4,G,1.0,419
1,32,A,1.0,372
1,21,H,1.0,372
2,9,G,1.0,416
2,4,A,1.0,372
2,9,G,1.0,416
2,32,F,1.0,416
2,8,A,1.0,372
3,9,D,1.0,451
3,13,C,1.0,362
3,33,E,1.0,451
4,9,F,1.0,440
4,6,H,1.0,506
4,31,D,1.0,366
4,34,B,1.0,539
4,13,E,1.0,366
4,28,E,1.0,366
5,21,D,1.0,366
5,33,E,1.0,366
6,29,B,1.0,412
6,29,E,1.0,366
6,22,A,1.0,506
6,4,C,1.0,435
7,7,C,1.0,440
7,8,A,1.0,506
7,8,C,1.0,440
7,16,A,1.0,506
8,21,B,1.0,431
8,28,F,1.0,387
8,2,F,1.0,387
8,28,B,1.0,431
8,2,F,1.0,387
8,13,H,1.0,561
9,24,A,1.0,587
10,8,F,1.0,387
10,26,F,1.0,387
10,26,G,1.0,387
11,8,B,1.0,431
11,13,G,1.0,387
11,2,B,1.0,431
11,5,G,1.0,387
11,6,A,1.0,587
11,30,H,1.0,561
11,15,B,1.0,431
11,17,B,1.0,431
11,10,B,1.0,431
12,30,D,1.0,587
12,22,G,1.0,387
12,24,E,1.0,561
12,17,F,1.0,387
2,4,C,1.0,419
8,34,F,1.0,387
11,3,G,1.0,387
12,3,F,1.0,387
1,23,D,1.0,444
2,10,A,1.0,372
3,30,E,1.0,451
6,4,E,1.0,366
7,9,E,1.0,366
10,23,G,1.0,387
11,14,G,1.0,387
12,24,C,1.0,431
1,14,H,1.0,372
5,4,E,1.0,366
10,5,C,1.0,431
11,8,F,1.0,387
12,5,G,1.0,387
12,16,B,1.0,431
1,25,B,1.0,416
1,29,B,1.0,416
5,12,D,1.0,366
1,22,G,1.1,419
2,33,F,1.1,416
3,34,F,1.1,416
4,6,D,1.1,366
5,28,D,1.1,366
5,5,E,1.1,366
6,12,E,1.1,366
6,16,F,1.1,440
6,17,H,1.1,506
6,5,A,1.1,506
7,24,D,1.1,366
10,18,C,1.1,431
12,11,B,1.1,431
1,4,B,1.1,416
2,6,B,1.1,419
4,5,D,1.1,366
5,11,D,1.1,366
5,22,C,1.1,440
6,4,E,1.1,366
6,23,D,1.1,366
12,32,B,1.1,431
2,7,C,1.1,419
6,21,E,1.1,366
8,12,F,1.1,387
11,7,G,1.1,387
11,15,G,1.1,387
12,12,F,1.1,387
1,7,A,1.1,372
1,5,A,1.1,372
4,28,E,1.1,366
7,13,E,1.1,366
8,13,F,1.1,387
10,18,B,1.1,431
10,7,G,1.1,387
12,15,G,1.1,387
12,3,H,1.1,561
2,5,A,1.1,372
3,32,A,1.1,454
6,17,E,1.1,366
6,9,D,1.1,366
8,12,C,1.1,431
8,18,G,1.1,387
8,2,F,1.1,387
9,12,C,1.1,431
9,6,F,1.1,387
12,33,F,1.1,387
1,23,H,1.1,372
1,32,D,1.1,444
2,13,C,1.1,419
3,9,F,1.1,416
4,4,D,1.1,366
7,9,E,1.1,366
7,11,E,1.1,366
8,26,C,1.1,431
10,14,B,1.1,431
10,34,G,1.1,387
1,10,A,1.1,372
6,29,C,1.1,435
11,18,G,1.1,387
12,24,F,1.1,387
1,5,E,1.1,444
1,11,B,1.1,416
1,23,A,1.1,372
2,12,B,1.1,419
3,4,C,1.1,362
4,18,E,1.1,366
7,26,D,1.1,366
9,25,B,1.1,431
9,14,F,1.1,387
10,27,G,1.1,387
1,32,A,1.1,372
2,13,A,1.1,372
2,7,A,1.1,372
3,6,F,1.1,416
4,14,E,1.1,366
4,22,E,1.1,366
5,33,E,1.1,366
6,11,D,1.1,366
7,29,E,1.1,366
8,15,G,1.1,387
8,31,F,1.1,387
2,6,A,1.1,372
2,6,B,1.1,419
7,16,D,1.1,366
11,10,F,1.1,387
2,9,A,1.2,372
2,16,A,1.2,372
3,13,C,1.2,362
3,4,E,1.2,451
4,24,A,1.2,506
4,20,D,1.2,366
4,17,D,1.2,366
5,25,G,1.2,389
5,8,D,1.2,366
6,20,B,1.2,412
6,32,D,1.2,366
7,8,D,1.2,366
7,16,E,1.2,366
8,29,G,1.2,387
8,28,G,1.2,387
8,23,F,1.2,387
9,25,F,1.2,387
9,7,F,1.2,387
9,3,F,1.2,387
9,34,G,1.2,387
11,24,G,1.2,387
1,5,C,1.2,416
1,33,A,1.2,372
2,33,C,1.2,419
2,5,G,1.2,416
3,22,F,1.2,416
3,25,A,1.2,454
3,6,G,1.2,462
4,23,E,1.2,366
4,6,D,1.2,366
4,14,E,1.2,366
5,23,E,1.2,366
5,6,G,1.2,389
6,13,D,1.2,366
6,5,D,1.2,366
7,7,D,1.2,366
10,19,F,1.2,387
10,6,G,1.2,387
12,11,G,1.2,387
1,12,F,1.2,419
1,16,F,1.2,419
3,9,C,1.2,362
3,24,D,1.2,451
4,33,D,1.2,366
4,27,C,1.2,440
6,5,D,1.2,366
7,13,C,1.2,440
8,24,F,1.2,387
10,8,B,1.2,431
10,29,G,1.2,387
12,5,B,1.2,431
1,31,A,1.2,372
1,27,E,1.2,444
1,7,F,1.2,419
1,15,B,1.2,416
1,17,H,1.2,372
2,20,B,1.2,419
2,22,C,1.2,419
2,26,E,1.2,444
2,31,C,1.2,419
3,32,C,1.2,362
3,7,C,1.2,362
3,27,F,1.2,416
4,7,E,1.2,366
5,24,D,1.2,366
5,23,E,1.2,366
6,14,A,1.2,506
6,4,C,1.2,435
7,5,F,1.2,440
9,2,G,1.2,387
11,23,F,1.2,387
11,24,F,1.2,387
12,9,G,1.2,387
12,21,G,1.2,387
1,32,C,1.2,416
4,24,E,1.2,366
4,23,E,1.2,366
4,15,D,1.2,366
5,23,D,1.2,366
5,18,E,1.2,366
6,25,E,1.2,366
6,14,D,1.2,366
7,31,E,1.2,366
7,12,E,1.2,366
7,23,E,1.2,366
8,13,F,1.2,387
9,4,B,1.2,431
9,7,B,1.2,431
10,12,F,1.2,387
11,7,B,1.2,431
12,28,G,1.2,387
1,5,C,1.2,416
1,34,F,1.2,419
1,8,E,1.2,444
1,11,H,1.2,372
1,5,H,1.2,372
1,7,G,1.2,419
2,10,E,1.2,444
2,12,H,1.2,531
3,14,F,1.2,416
3,8,D,1.2,451
3,23,E,1.2,451
3,22,C,1.2,362
3,24,E,1.2,451
3,13,F,1.2,416
3,12,C,1.2,362
4,14,C,1.2,440
4,13,G,1.2,539
5,28,E,1.2,366
5,23,G,1.2,389
6,16,E,1.2,366
6,27,A,1.2,506
6,20,F,1.2,440
6,12,E,1.2,366
7,29,F,1.2,440
7,5,D,1.2,366
7,11,F,1.2,440
8,33,G,1.2,387
9,2,D,1.2,587
9,14,F,1.2,387
10,24,F,1.2,387
11,5,H,1.2,561
12,18,G,1.2,387
1,34,G,1.2,419
2,8,A,1.2,372
3,30,F,1.2,416
4,22,D,1.2,366
4,23,C,1.2,440
4,25,E,1.2,366
5,22,E,1.2,366
6,4,D,1.2,366
7,19,F,1.2,440
9,17,F,1.2,387
9,13,G,1.2,387
10,5,F,1.2,387
1,26,F,1.2,419
1,21,B,1.2,416
1,14,H,1.2,372
2,33,G,1.2,416
3,25,C,1.2,362
4,16,E,1.2,366
6,10,E,1.2,366
6,21,D,1.2,366
7,30,C,1.2,440
7,18,C,1.2,440
7,4,D,1.2,366
8,19,G,1.2,387
9,26,F,1.2,387
10,7,G,1.2,387
11,33,F,1.2,387
12,14,G,1.2,387
12,9,F,1.2,387
12,3,F,1.2,387
1,12,H,1.2,372
1,24,H,1.2,372
1,25,B,1.2,416
1,19,H,1.2,372
1,5,D,1.2,444
2,12,D,1.2,444
2,34,B,1.2,419
4,9,E,1.2,366
5,7,C,1.2,440
5,23,D,1.2,366
6,32,E,1.2,366
6,24,C,1.2,435
6,18,E,1.2,366
7,21,E,1.2,366
7,21,E,1.2,366
7,24,D,1.2,366
7,14,D,1.2,366
8,21,F,1.2,387
8,18,F,1.2,387
9,2,C,1.2,431
9,23,F,1.2,387
9,24,F,1.2,387
9,17,G,1.2,387
9,15,G,1.2,387
10,3,B,1.2,431
10,14,C,1.2,431
10,13,B,1.2,431
10,9,F,1.2,387
11,31,F,1.2,387
11,20,G,1.2,387
12,19,E,1.2,561
12,15,C,1.2,431
12,15,F,1.2,387
2,29,A,1.2,372
4,19,E,1.2,366
7,19,C,1.2,440
7,4,E,1.2,366
8,26,G,1.2,387
8,20,G,1.2,387
10,6,F,1.2,387
12,10,C,1.2,431
1,7,A,1.3,372
1,19,B,1.3,416
1,10,E,1.3,444
1,30,H,1.3,372
2,9,A,1.3,372
2,17,A,1.3,372
2,9,C,1.3,419
2,12,B,1.3,419
2,19,C,1.3,419
2,6,A,1.3,372
3,4,G,1.3,462
3,14,A,1.3,454
4,18,C,1.3,440
4,31,F,1.3,440
5,11,C,1.3,440
5,21,F,1.3,443
5,32,F,1.3,443
6,11,B,1.3,412
6,31,B,1.3,412
6,12,C,1.3,435
7,16,E,1.3,366
7,17,E,1.3,366
7,31,B,1.3,551
7,8,C,1.3,440
7,7,E,1.3,366
7,10,D,1.3,366
7,27,D,1.3,366
8,8,F,1.3,387
8,29,B,1.3,431
9,12,B,1.3,431
9,6,C,1.3,431
9,6,G,1.3,387
10,24,H,1.3,561
11,16,F,1.3,387
11,13,F,1.3,387
11,7,F,1.3,387
12,33,G,1.3,387
12,22,C,1.3,431
12,14,G,1.3,387
12,24,D,1.3,587
1,15,A,1.3,372
1,6,F,1.3,419
3,13,C,1.3,362
4,8,C,1.3,440
4,9,D,1.3,366
5,14,D,1.3,366
5,11,E,1.3,366
8,26,G,1.3,387
9,10,C,1.3,431
10,19,G,1.3,387
11,13,G,1.3,387
12,8,G,1.3,387
12,24,G,1.3,387
12,19,G,1.3,387
1,16,C,1.3,416
1,34,G,1.3,419
2,24,B,1.3,419
3,9,C,1.3,362
3,33,F,1.3,416
4,6,F,1.3,440
5,6,D,1.3,366
5,34,D,1.3,366
5,13,E,1.3,366
6,21,E,1.3,366
6,23,C,1.3,435
6,32,E,1.3,366
7,8,D,1.3,366
7,13,D,1.3,366
7,28,D,1.3,366
8,4,G,1.3,387
8,34,C,1.3,431
9,33,G,1.3,387
12,4,B,1.3,431
1,5,E,1.3,444
1,13,D,1.3,444
1,5,E,1.3,444
1,6,G,1.3,419
1,6,G,1.3,419
1,4,C,1.3,416
2,27,G,1.3,416
2,8,G,1.3,416
2,14,F,1.3,416
2,4,C,1.3,419
2,34,A,1.3,372
3,9,H,1.3,454
3,11,C,1.3,362
4,15,D,1.3,366
5,13,E,1.3,366
5,4,C,1.3,440
5,6,D,1.3,366
5,29,G,1.3,389
5,26,D,1.3,366
5,16,E,1.3,366
6,23,B,1.3,412
6,12,C,1.3,435
6,5,C,1.3,435
6,20,B,1.3,412
6,32,B,1.3,412
6,9,D,1.3,366
8,31,G,1.3,387
8,15,F,1.3,387
9,12,F,1.3,387
9,22,G,1.3,387
10,5,G,1.3,387
10,5,B,1.3,431
11,18,G,1.3,387
11,34,E,1.3,561
12,22,H,1.3,561
12,18,C,1.3,431
1,27,F,1.3,419
1,24,H,1.3,372
2,8,F,1.3,416
2,16,F,1.3,416
2,33,D,1.3,444
2,13,B,1.3,419
3,21,F,1.3,416
3,20,D,1.3,451
4,14,E,1.3,366
4,4,H,1.3,506
4,28,C,1.3,440
4,4,D,1.3,366
5,32,F,1.3,443
5,26,D,1.3,366
5,5,E,1.3,366
5,9,E,1.3,366
5,18,D,1.3,366
5,25,D,1.3,366
6,9,D,1.3,366
6,29,B,1.3,412
7,19,F,1.3,440
7,17,F,1.3,440
11,4,G,1.3,387
12,29,H,1.3,561
12,29,F,1.3,387
1,11,B,1.3,416
1,6,E,1.3,444
1,9,C,1.3,416
1,18,F,1.3,419
1,8,G,1.3,419
1,25,G,1.3,419
1,5,D,1.3,444
1,12,H,1.3,372
1,34,A,1.3,372
1,26,E,1.3,444
2,32,C,1.3,419
2,15,G,1.3,416
2,19,G,1.3,416
3,5,D,1.3,451
3,7,F,1.3,416
3,15,A,1.3,454
3,16,D,1.3,451
5,30,G,1.3,389
5,22,G,1.3,389
5,4,E,1.3,366
6,31,D,1.3,366
6,26,D,1.3,366
6,10,F,1.3,440
7,9,G,1.3,542
7,20,E,1.3,366
7,17,E,1.3,366
7,7,D,1.3,366
8,11,G,1.3,387
8,14,B,1.3,431
8,21,C,1.3,431
8,22,F,1.3,387
8,23,G,1.3,387
9,9,E,1.3,561
10,20,C,1.3,431
10,18,F,1.3,387
11,8,G,1.3,387
11,16,G,1.3,387
11,20,C,1.3,431
11,33,B,1.3,431
12,34,G,1.3,387
12,19,C,1.3,431
12,5,D,1.3,587
12,8,A,1.3,587
12,9,F,1.3,387
12,10,F,1.3,387
1,21,A,1.3,372
1,21,C,1.3,416
1,20,D,1.3,444
1,7,E,1.3,444
2,14,B,1.3,419
2,32,C,1.3,419
3,11,G,1.3,462
5,24,E,1.3,366
5,7,D,1.3,366
5,26,G,1.3,389
5,11,F,1.3,443
5,8,F,1.3,443
5,23,E,1.3,366
6,25,D,1.3,366
6,12,H,1.3,506
7,27,E,1.3,366
9,9,C,1.3,431
10,2,F,1.3,387
10,5,F,1.3,387
10,21,G,1.3,387
11,9,C,1.3,431
11,23,F,1.3,387
1,16,D,1.3,444
1,34,G,1.3,419
2,25,D,1.3,444
2,25,E,1.3,444
3,19,E,1.3,451
3,34,C,1.3,362
3,34,C,1.3,362
4,8,D,1.3,366
4,28,E,1.3,366
5,17,D,1.3,366
5,6,C,1.3,440
5,18,D,1.3,366
5,4,G,1.3,389
6,7,D,1.3,366
7,22,C,1.3,440
7,21,E,1.3,366
8,34,E,1.3,561
8,21,C,1.3,431
9,20,G,1.3,387
10,31,B,1.3,431
10,8,G,1.3,387
11,3,G,1.3,387
11,2,G,1.3,387
12,31,F,1.3,387
12,34,G,1.3,387
1,16,H,1.3,372
1,11,A,1.3,372
1,11,A,1.3,372
1,23,H,1.3,372
1,26,H,1.3,372
2,16,A,1.3,372
2,6,G,1.3,416
2,33,F,1.3,416
2,11,A,1.3,372
3,8,A,1.3,454
3,10,C,1.3,362
4,13,A,1.3,506
4,13,D,1.3,366
5,29,F,1.3,443
5,12,D,1.3,366
7,21,E,1.3,366
8,24,C,1.3,431
8,22,F,1.3,387
8,8,F,1.3,387
9,7,F,1.3,387
9,27,G,1.3,387
9,19,G,1.3,387
10,15,F,1.3,387
12,10,C,1.3,431
12,15,F,1.3,387
1,13,C,1.3,416
1,17,D,1.3,444
1,8,B,1.3,416
2,17,B,1.3,419
2,28,F,1.3,416
2,9,C,1.3,419
3,13,H,1.3,454
3,31,E,1.3,451
3,28,D,1.3,451
3,6,E,1.3,451
4,7,C,1.3,440
4,8,C,1.3,440
4,33,D,1.3,366
5,31,F,1.3,443
5,27,C,1.3,440
5,10,G,1.3,389
5,5,D,1.3,366
5,5,E,1.3,366
7,19,F,1.3,440
8,6,F,1.3,387
10,9,G,1.3,387
12,22,B,1.3,431
12,8,F,1.3,387
12,24,F,1.3,387
1,9,G,1.4,419
1,8,F,1.4,419
2,13,C,1.4,419
2,32,B,1.4,419
2,33,E,1.4,444
2,24,D,1.4,444
2,7,A,1.4,372
2,6,A,1.4,372
2,8,F,1.4,416
2,16,A,1.4,372
3,10,F,1.4,416
3,22,F,1.4,416
4,9,D,1.4,366
4,21,F,1.4,440
4,4,A,1.4,506
5,15,D,1.4,366
5,6,F,1.4,443
5,17,G,1.4,389
5,10,F,1.4,443
5,34,G,1.4,389
6,24,E,1.4,366
6,14,D,1.4,366
6,5,C,1.4,435
7,9,E,1.4,366
7,13,D,1.4,366
7,26,F,1.4,440
7,32,C,1.4,440
8,6,B,1.4,431
8,4,G,1.4,387
8,12,C,1.4,431
8,13,F,1.4,387
8,34,F,1.4,387
9,15,H,1.4,561
9,6,H,1.4,561
10,6,G,1.4,387
10,4,B,1.4,431
10,30,C,1.4,431
10,2,G,1.4,387
11,26,F,1.4,387
11,10,C,1.4,431
1,28,C,1.4,416
1,32,B,1.4,416
1,8,F,1.4,419
1,27,F,1.4,419
1,34,C,1.4,416
1,13,C,1.4,416
1,20,B,1.4,416
1,7,E,1.4,444
2,15,B,1.4,419
3,15,E,1.4,451
3,5,C,1.4,362
4,33,D,1.4,366
4,24,D,1.4,366
5,15,F,1.4,443
5,24,E,1.4,366
5,8,D,1.4,366
5,17,E,1.4,366
6,8,G,1.4,499
6,8,G,1.4,499
6,21,C,1.4,435
6,5,D,1.4,366
7,21,F,1.4,440
8,31,F,1.4,387
9,28,H,1.4,561
10,21,F,1.4,387
10,29,B,1.4,431
10,23,F,1.4,387
10,7,G,1.4,387
12,29,F,1.4,387
1,25,B,1.4,416
1,11,F,1.4,419
1,24,B,1.4,416
2,12,G,1.4,416
3,8,A,1.4,454
3,19,F,1.4,416
4,27,D,1.4,366
4,22,E,1.4,366
4,12,E,1.4,366
5,4,E,1.4,366
5,9,E,1.4,366
6,10,B,1.4,412
6,19,A,1.4,506
6,32,C,1.4,435
6,32,F,1.4,440
6,20,B,1.4,412
6,32,D,1.4,366
6,11,E,1.4,366
7,23,C,1.4,440
7,9,D,1.4,366
8,12,C,1.4,431
9,32,B,1.4,431
10,24,F,1.4,387
11,28,G,1.4,387
12,16,G,1.4,387
1,12,E,1.4,444
1,8,A,1.4,372
1,10,A,1.4,372
1,32,E,1.4,444
1,6,D,1.4,444
2,13,B,1.4,419
2,12,E,1.4,444
2,30,F,1.4,416
2,17,F,1.4,416
2,22,E,1.4,444
2,5,E,1.4,444
2,18,G,1.4,416
2,21,C,1.4,419
2,34,A,1.4,372
2,23,A,1.4,372
2,16,F,1.4,416
3,21,H,1.4,454
3,29,G,1.4,515
3,10,H,1.4,454
3,6,A,1.4,454
3,18,F,1.4,416
3,17,C,1.4,362
3,18,C,1.4,362
3,22,E,1.4,451
4,6,F,1.4,440
4,20,F,1.4,440
4,31,D,1.4,366
4,33,E,1.4,366
5,28,C,1.4,440
5,8,F,1.4,443
5,4,G,1.4,389
6,18,F,1.4,440
6,5,B,1.4,412
6,17,F,1.4,440
6,5,E,1.4,366
7,18,C,1.4,440
7,21,F,1.4,440
7,11,D,1.4,366
7,24,E,1.4,366
8,22,G,1.4,387
8,3,B,1.4,431
8,32,C,1.4,431
8,16,G,1.4,387
9,25,F,1.4,387
10,17,G,1.4,387
10,28,F,1.4,387
10,17,G,1.4,387
11,10,F,1.4,387
11,10,G,1.4,387
11,30,B,1.4,431
11,29,B,1.4,431
11,27,G,1.4,387
12,34,G,1.4,387
12,13,G,1.4,387
12,3,C,1.4,431
12,4,G,1.4,387
1,20,B,1.4,416
1,16,B,1.4,416
1,5,A,1.4,372
2,14,E,1.4,444
2,21,E,1.4,444
2,13,C,1.4,419
2,13,C,1.4,419
2,4,F,1.4,416
2,25,F,1.4,416
2,13,F,1.4,416
2,9,A,1.4,372
2,13,A,1.4,372
2,12,C,1.4,419
3,18,F,1.4,416
3,29,F,1.4,416
4,6,C,1.4,440
4,19,E,1.4,366
5,7,D,1.4,366
5,23,G,1.4,389
5,4,C,1.4,440
5,6,G,1.4,389
5,25,E,1.4,366
6,22,E,1.4,366
6,13,D,1.4,366
7,4,E,1.4,366
7,26,D,1.4,366
8,9,G,1.4,387
10,3,C,1.4,431
10,11,B,1.4,431
12,13,G,1.4,387
12,10,C,1.4,431
12,29,G,1.4,387
1,10,B,1.4,416
1,16,C,1.4,416
1,18,F,1.4,419
1,24,H,1.4,372
1,13,D,1.4,444
1,18,D,1.4,444
1,6,E,1.4,444
2,5,E,1.4,444
2,15,D,1.4,444
2,31,F,1.4,416
3,26,F,1.4,416
3,11,G,1.4,462
3,9,E,1.4,451
4,18,E,1.4,366
4,22,F,1.4,440
4,28,C,1.4,440
4,11,C,1.4,440
5,25,C,1.4,440
5,13,H,1.4,506
5,22,E,1.4,366
5,22,C,1.4,440
5,15,A,1.4,506
6,27,H,1.4,506
6,16,E,1.4,366
6,17,E,1.4,366
6,12,D,1.4,366
6,15,E,1.4,366
7,4,A,1.4,506
7,19,C,1.4,440
7,16,C,1.4,440
8,5,C,1.4,431
8,5,B,1.4,431
8,18,C,1.4,431
8,16,G,1.4,387
9,25,B,1.4,431
10,31,G,1.4,387
11,17,G,1.4,387
11,20,G,1.4,387
11,4,F,1.4,387
12,2,C,1.4,431
12,22,F,1.4,387
12,3,C,1.4,431
1,34,B,1.4,416
1,17,G,1.4,419
1,29,C,1.4,416
1,10,C,1.4,416
1,6,D,1.4,444
2,24,B,1.4,419
4,4,B,1.4,486
4,14,E,1.4,366
5,9,C,1.4,440
6,22,F,1.4,440
6,15,B,1.4,412
7,14,H,1.4,506
7,14,A,1.4,506
7,20,F,1.4,440
8,14,F,1.4,387
9,21,G,1.4,387
10,2,F,1.4,387
10,8,G,1.4,387
11,8,F,1.4,387
1,8,H,1.4,372
1,6,G,1.4,419
1,12,D,1.4,444
1,32,F,1.4,419
1,29,A,1.4,372
1,19,B,1.4,416
2,19,D,1.4,444
3,33,H,1.4,454
3,24,D,1.4,451
3,18,C,1.4,362
5,21,F,1.4,443
5,22,C,1.4,440
5,6,G,1.4,389
6,32,E,1.4,366
7,8,E,1.4,366
9,5,E,1.4,561
9,28,F,1.4,387
10,23,G,1.4,387
10,33,B,1.4,431
11,24,G,1.4,387
12,32,F,1.4,387
1,14,F,1.4,419
1,16,C,1.4,416
1,21,E,1.4,444
1,31,D,1.4,444
1,13,C,1.4,416
2,22,A,1.4,372
2,34,D,1.4,444
2,18,E,1.4,444
2,9,B,1.4,419
3,21,E,1.4,451
3,7,F,1.4,416
3,21,F,1.4,416
3,25,C,1.4,362
3,7,F,1.4,416
3,32,C,1.4,362
3,19,D,1.4,451
4,22,C,1.4,440
4,9,E,1.4,366
4,7,G,1.4,486
4,26,D,1.4,366
4,32,D,1.4,366
5,24,C,1.4,440
5,30,A,1.4,506
5,18,B,1.4,539
5,16,E,1.4,366
5,4,G,1.4,389
5,16,E,1.4,366
5,32,F,1.4,443
6,29,C,1.4,435
6,17,F,1.4,440
7,4,D,1.4,366
7,17,E,1.4,366
7,13,E,1.4,366
8,3,G,1.4,387
9,14,G,1.4,387
10,9,G,1.4,387
11,16,G,1.4,387
12,14,F,1.4,387
12,31,G,1.4,387
12,16,E,1.4,561
12,29,F,1.4,387
12,19,C,1.4,431
2,22,F,1.4,416
2,21,G,1.4,416
2,9,A,1.4,372
2,31,F,1.4,416
3,7,A,1.4,454
4,26,F,1.4,440
4,9,E,1.4,366
6,23,B,1.4,412
7,9,D,1.4,366
7,11,A,1.4,506
9,4,C,1.4,431
9,8,C,1.4,431
9,11,F,1.4,387
9,26,F,1.4,387
10,4,C,1.4,431
11,16,F,1.4,387
12,12,C,1.4,431
1,21,A,1.5,372
1,26,E,1.5,444
1,25,C,1.5,416
1,9,G,1.5,419
2,17,A,1.5,372
2,13,G,1.5,416
2,25,B,1.5,419
2,12,B,1.5,419
2,28,G,1.5,416
2,28,G,1.5,416
3,23,H,1.5,454
3,33,D,1.5,451
3,24,E,1.5,451
3,28,C,1.5,362
3,14,D,1.5,451
3,8,H,1.5,454
3,19,H,1.5,454
4,7,B,1.5,486
4,21,D,1.5,366
4,12,D,1.5,366
4,7,E,1.5,366
4,16,D,1.5,366
4,23,E,1.5,366
4,24,C,1.5,440
5,30,G,1.5,389
5,29,D,1.5,366
5,29,G,1.5,389
6,9,B,1.5,412
6,11,F,1.5,440
6,25,A,1.5,506
6,14,D,1.5,366
6,22,B,1.5,412
7,29,E,1.5,366
7,17,C,1.5,440
7,23,A,1.5,506
7,8,C,1.5,440
7,13,D,1.5,366
7,7,E,1.5,366
8,26,G,1.5,387
8,28,H,1.5,561
8,33,F,1.5,387
8,2,B,1.5,431
9,6,B,1.5,431
9,31,B,1.5,431
9,30,B,1.5,431
9,4,B,1.5,431
9,20,C,1.5,431
9,26,F,1.5,387
9,9,F,1.5,387
9,8,H,1.5,561
9,32,H,1.5,561
10,11,G,1.5,387
11,7,B,1.5,431
12,3,F,1.5,387
12,6,B,1.5,431
12,3,H,1.5,561
12,32,C,1.5,431
12,6,G,1.5,387
1,16,C,1.5,416
1,19,E,1.5,444
1,31,F,1.5,419
1,21,C,1.5,416
1,33,B,1.5,416
2,12,D,1.5,444
2,18,D,1.5,444
2,33,A,1.5,372
2,20,B,1.5,419
3,11,A,1.5,454
3,13,C,1.5,362
3,32,D,1.5,451
4,24,F,1.5,440
4,29,F,1.5,440
5,9,C,1.5,440
6,12,D,1.5,366
6,27,D,1.5,366
6,7,F,1.5,440
7,12,C,1.5,440
7,25,D,1.5,366
7,24,E,1.5,366
8,6,B,1.5,431
8,26,C,1.5,431
9,23,C,1.5,431
9,8,C,1.5,431
9,27,F,1.5,387
10,5,F,1.5,387
10,23,C,1.5,431
11,5,F,1.5,387
11,20,B,1.5,431
12,7,A,1.5,587
12,13,C,1.5,431
1,8,B,1.5,416
2,34,G,1.5,416
2,32,A,1.5,372
2,34,G,1.5,416
4,14,C,1.5,440
4,16,E,1.5,366
5,25,A,1.5,506
5,19,E,1.5,366
5,10,G,1.5,389
6,9,F,1.5,440
7,5,B,1.5,499
8,9,G,1.5,387
9,4,C,1.5,431
9,15,G,1.5,387
10,13,G,1.5,387
10,25,B,1.5,431
11,19,C,1.5,431
12,28,C,1.5,431
1,14,F,1.5,419
1,24,C,1.5,416
1,19,D,1.5,444
1,33,E,1.5,444
1,20,B,1.5,416
1,28,G,1.5,419
1,29,B,1.5,416
1,14,F,1.5,419
1,26,D,1.5,444
2,25,G,1.5,416
2,14,A,1.5,372
2,33,A,1.5,372
2,11,A,1.5,372
2,5,E,1.5,444
3,18,E,1.5,451
3,27,D,1.5,451
3,25,E,1.5,451
3,13,C,1.5,362
4,25,D,1.5,366
4,17,D,1.5,366
5,12,C,1.5,440
5,31,H,1.5,506
5,5,E,1.5,366
5,7,C,1.5,440
6,8,F,1.5,440
6,20,D,1.5,366
6,22,F,1.5,440
6,32,F,1.5,440
6,17,D,1.5,366
6,4,E,1.5,366
7,11,F,1.5,440
7,4,D,1.5,366
7,22,D,1.5,366
7,16,E,1.5,366
7,19,E,1.5,366
7,31,C,1.5,440
7,19,F,1.5,440
8,24,C,1.5,431
8,2,H,1.5,561
8,9,F,1.5,387
8,31,F,1.5,387
9,3,F,1.5,387
10,32,G,1.5,387
10,24,F,1.5,387
11,14,G,1.5,387
11,16,C,1.5,431
11,8,C,1.5,431
11,14,H,1.5,561
12,12,F,1.5,387
12,20,C,1.5,431
12,26,B,1.5,431
1,12,H,1.5,372
1,25,H,1.5,372
1,8,F,1.5,419
1,19,B,1.5,416
1,25,C,1.5,416
1,7,E,1.5,444
1,8,H,1.5,372
1,19,H,1.5,372
1,17,G,1.5,419
1,34,C,1.5,416
2,34,B,1.5,419
2,22,C,1.5,419
2,18,C,1.5,419
2,8,F,1.5,416
3,21,C,1.5,362
3,14,F,1.5,416
3,16,F,1.5,416
5,6,E,1.5,366
5,8,D,1.5,366
6,24,B,1.5,412
7,22,C,1.5,440
8,4,C,1.5,431
9,11,F,1.5,387
9,16,F,1.5,387
9,27,G,1.5,387
10,16,F,1.5,387
11,21,F,1.5,387
11,17,B,1.5,431
11,10,H,1.5,561
11,28,C,1.5,431
11,3,B,1.5,431
12,26,B,1.5,431
12,12,E,1.5,561
12,7,B,1.5,431
1,26,E,1.5,444
1,4,E,1.5,444
1,13,H,1.5,372
1,19,C,1.5,416
1,25,G,1.5,419
1,23,G,1.5,419
1,30,B,1.5,416
1,6,E,1.5,444
1,25,H,1.5,372
1,4,G,1.5,419
2,19,D,1.5,444
2,20,B,1.5,419
2,19,G,1.5,416
2,31,G,1.5,416
2,22,D,1.5,444
2,13,G,1.5,416
2,26,E,1.5,444
2,27,C,1.5,419
2,29,G,1.5,416
2,16,A,1.5,372
2,11,B,1.5,419
3,26,H,1.5,454
3,21,A,1.5,454
3,15,E,1.5,451
3,29,B,1.5,504
3,17,A,1.5,454
3,6,H,1.5,454
3,11,D,1.5,451
3,23,B,1.5,504
3,31,C,1.5,362
3,31,D,1.5,451
3,5,D,1.5,451
3,14,H,1.5,454
4,6,D,1.5,366
4,23,H,1.5,506
4,18,H,1.5,506
4,8,D,1.5,366
4,17,F,1.5,440
4,13,B,1.5,539
4,19,E,1.5,366
5,22,F,1.5,443
5,11,D,1.5,366
5,29,H,1.5,506
5,34,H,1.5,506
5,26,G,1.5,389
5,23,G,1.5,389
6,27,H,1.5,506
6,29,C,1.5,435
6,10,G,1.5,551
6,30,H,1.5,506
6,6,G,1.5,499
6,17,D,1.5,366
6,29,D,1.5,366
6,18,F,1.5,440
6,14,C,1.5,435
6,15,C,1.5,435
7,14,C,1.5,440
7,11,D,1.5,366
7,23,D,1.5,366
7,31,D,1.5,366
7,19,C,1.5,440
8,34,B,1.5,431
8,19,F,1.5,387
8,33,C,1.5,431
8,9,B,1.5,431
8,14,C,1.5,431
8,31,G,1.5,387
8,25,C,1.5,431
8,27,B,1.5,431
9,23,A,1.5,587
9,22,B,1.5,431
9,34,C,1.5,431
9,5,E,1.5,561
9,22,G,1.5,387
9,19,G,1.5,387
9,26,H,1.5,561
10,34,C,1.5,431
10,5,B,1.5,431
11,29,G,1.5,387
11,13,B,1.5,431
11,19,B,1.5,431
11,34,E,1.5,561
11,29,G,1.5,387
11,33,F,1.5,387
12,22,G,1.5,387
12,8,G,1.5,387
12,24,C,1.5,431
12,15,C,1.5,431
12,3,C,1.5,431
12,14,G,1.5,387
12,24,C,1.5,431
12,31,B,1.5,431
12,28,B,1.5,431
12,10,H,1.5,561
1,6,D,1.5,444
1,24,E,1.5,444
2,25,B,1.5,419
2,20,C,1.5,419
4,17,C,1.5,440
4,24,E,1.5,366
4,24,F,1.5,440
5,13,E,1.5,366
5,12,H,1.5,506
5,5,E,1.5,366
5,32,C,1.5,440
9,9,C,1.5,431
9,8,F,1.5,387
11,24,G,1.5,387
12,17,B,1.5,431
12,31,F,1.5,387
1,14,H,1.5,372
1,34,D,1.5,444
1,27,G,1.5,419
2,28,B,1.5,419
3,8,F,1.5,416
3,33,D,1.5,451
4,34,H,1.5,506
4,21,A,1.5,506
4,14,D,1.5,366
4,29,C,1.5,440
5,28,G,1.5,389
6,24,E,1.5,366
6,4,B,1.5,412
7,30,D,1.5,366
7,9,E,1.5,366
7,29,F,1.5,440
8,7,G,1.5,387
8,22,G,1.5,387
8,31,B,1.5,431
9,2,B,1.5,431
9,9,G,1.5,387
10,31,G,1.5,387
11,34,C,1.5,431
11,7,C,1.5,431
11,11,G,1.5,387
12,30,B,1.5,431
12,14,B,1.5,431
12,31,C,1.5,431
12,25,C,1.5,431
1,31,D,1.5,444
1,7,F,1.5,419
1,8,H,1.5,372
1,13,H,1.5,372
1,17,C,1.5,416
2,12,C,1.5,419
2,31,B,1.5,419
2,16,B,1.5,419
2,32,G,1.5,416
3,33,A,1.5,454
4,12,E,1.5,366
4,19,E,1.5,366
5,29,D,1.5,366
5,19,G,1.5,389
5,5,C,1.5,440
7,12,E,1.5,366
7,14,E,1.5,366
7,23,C,1.5,440
8,9,B,1.5,431
8,4,H,1.5,561
8,11,B,1.5,431
8,34,C,1.5,431
9,19,B,1.5,431
10,14,C,1.5,431
10,14,B,1.5,431
11,8,F,1.5,387
11,10,F,1.5,387
11,33,B,1.5,431
11,16,B,1.5,431
12,30,F,1.5,387
1,15,E,1.5,444
1,32,G,1.5,419
2,6,B,1.5,419
2,32,B,1.5,419
2,26,F,1.5,416
3,29,D,1.5,451
3,9,A,1.5,454
3,19,C,1.5,362
3,8,E,1.5,451
4,5,H,1.5,506
5,8,C,1.5,440
5,23,A,1.5,506
6,13,D,1.5,366
7,24,D,1.5,366
8,21,E,1.5,561
10,34,C,1.5,431
11,22,C,1.5,431
12,13,F,1.5,387
1,10,E,1.6,444
1,10,F,1.6,419
2,16,A,1.6,372
2,20,B,1.6,419
2,23,A,1.6,372
2,16,F,1.6,416
3,21,F,1.6,416
3,4,C,1.6,362
3,17,C,1.6,362
3,21,F,1.6,416
4,8,B,1.6,486
4,14,A,1.6,506
4,27,F,1.6,440
4,28,C,1.6,440
4,6,B,1.6,486
5,34,H,1.6,506
5,23,E,1.6,366
5,25,F,1.6,443
6,23,D,1.6,366
6,23,B,1.6,412
7,8,H,1.6,506
7,19,D,1.6,366
7,4,D,1.6,366
7,5,D,1.6,366
7,23,C,1.6,440
8,27,B,1.6,431
9,22,C,1.6,431
9,13,G,1.6,387
10,23,B,1.6,431
10,29,G,1.6,387
11,20,B,1.6,431
11,2,H,1.6,561
11,11,F,1.6,387
11,8,C,1.6,431
11,8,C,1.6,431
12,22,F,1.6,387
12,2,H,1.6,561
1,15,B,1.6,416
1,5,D,1.6,444
1,7,E,1.6,444
1,24,E,1.6,444
1,25,D,1.6,444
1,20,C,1.6,416
1,24,B,1.6,416
1,32,D,1.6,444
2,34,G,1.6,416
2,34,D,1.6,444
2,8,G,1.6,416
2,33,C,1.6,419
3,14,A,1.6,454
3,26,D,1.6,451
3,27,C,1.6,362
3,26,F,1.6,416
4,33,E,1.6,366
4,21,F,1.6,440
4,6,F,1.6,440
5,6,G,1.6,389
5,29,F,1.6,443
5,18,A,1.6,506
5,20,D,1.6,366
6,21,B,1.6,412
6,11,F,1.6,440
7,29,F,1.6,440
8,4,G,1.6,387
8,16,B,1.6,431
8,25,B,1.6,431
8,19,B,1.6,431
9,15,B,1.6,431
9,32,C,1.6,431
10,21,C,1.6,431
11,16,F,1.6,387
11,10,C,1.6,431
11,25,G,1.6,387
11,21,F,1.6,387
11,14,B,1.6,431
12,23,F,1.6,387
1,25,F,1.6,419
1,34,E,1.6,444
1,5,B,1.6,416
2,31,B,1.6,419
2,7,F,1.6,416
3,7,F,1.6,416
3,9,E,1.6,451
4,15,A,1.6,506
4,17,C,1.6,440
4,14,D,1.6,366
4,25,E,1.6,366
5,8,F,1.6,443
8,3,H,1.6,561
8,4,H,1.6,561
8,20,F,1.6,387
8,9,C,1.6,431
9,29,C,1.6,431
10,25,B,1.6,431
10,24,C,1.6,431
10,22,C,1.6,431
11,26,G,1.6,387
11,13,C,1.6,431
12,7,G,1.6,387
12,31,B,1.6,431
1,17,A,1.6,372
1,8,E,1.6,444
1,15,D,1.6,444
1,20,F,1.6,419
1,10,H,1.6,372
1,18,D,1.6,444
2,22,A,1.6,372
2,18,D,1.6,444
2,27,H,1.6,531
2,9,B,1.6,419
2,16,D,1.6,444
3,19,H,1.6,454
3,5,G,1.6,462
3,16,D,1.6,451
3,32,E,1.6,451
4,20,D,1.6,366
4,6,H,1.6,506
4,15,C,1.6,440
4,31,E,1.6,366
4,34,F,1.6,440
4,11,C,1.6,440
5,25,E,1.6,366
5,16,F,1.6,443
5,34,E,1.6,366
5,19,E,1.6,366
6,32,F,1.6,440
6,30,B,1.6,412
6,12,F,1.6,440
6,15,B,1.6,412
6,14,B,1.6,412
7,16,E,1.6,366
7,32,C,1.6,440
7,21,A,1.6,506
7,18,C,1.6,440
7,20,C,1.6,440
7,9,B,1.6,499
8,29,C,1.6,431
8,20,E,1.6,561
8,27,G,1.6,387
8,25,G,1.6,387
8,11,D,1.6,587
9,16,G,1.6,387
9,11,H,1.6,561
10,5,G,1.6,387
10,4,C,1.6,431
10,23,C,1.6,431
10,22,B,1.6,431
10,25,B,1.6,431
10,24,G,1.6,387
11,31,G,1.6,387
11,9,F,1.6,387
11,22,G,1.6,387
11,19,G,1.6,387
11,10,G,1.6,387
11,6,C,1.6,431
12,31,F,1.6,387
12,15,G,1.6,387
12,32,G,1.6,387
12,8,F,1.6,387
12,9,F,1.6,387
12,24,F,1.6,387
12,19,G,1.6,387
1,27,E,1.6,444
1,5,A,1.6,372
1,17,E,1.6,444
1,13,F,1.6,419
2,15,E,1.6,444
2,9,C,1.6,419
2,30,C,1.6,419
3,28,C,1.6,362
3,32,C,1.6,362
3,28,C,1.6,362
3,6,G,1.6,462
3,14,D,1.6,451
3,31,E,1.6,451
4,18,C,1.6,440
5,33,F,1.6,443
5,31,G,1.6,389
5,8,C,1.6,440
6,12,C,1.6,435
6,12,D,1.6,366
7,8,C,1.6,440
8,10,B,1.6,431
9,34,E,1.6,561
9,26,G,1.6,387
10,2,C,1.6,431
10,6,H,1.6,561
10,25,C,1.6,431
11,29,G,1.6,387
11,33,B,1.6,431
11,25,B,1.6,431
1,14,E,1.6,444
1,20,H,1.6,372
1,20,G,1.6,419
1,10,C,1.6,416
2,20,H,1.6,531
2,12,H,1.6,531
2,32,C,1.6,419
2,13,D,1.6,444
2,15,A,1.6,372
3,12,D,1.6,451
3,29,H,1.6,454
3,15,H,1.6,454
3,27,F,1.6,416
3,8,F,1.6,416
3,5,C,1.6,362
3,7,F,1.6,416
3,10,F,1.6,416
3,22,E,1.6,451
3,8,A,1.6,454
3,26,A,1.6,454
4,19,C,1.6,440
4,7,C,1.6,440
4,27,H,1.6,506
4,12,F,1.6,440
4,27,A,1.6,506
5,17,C,1.6,440
5,9,A,1.6,506
5,14,D,1.6,366
5,22,E,1.6,366
5,16,C,1.6,440
6,20,B,1.6,412
6,19,A,1.6,506
6,4,H,1.6,506
6,23,E,1.6,366
6,12,E,1.6,366
6,17,B,1.6,412
6,12,F,1.6,440
6,9,F,1.6,440
6,7,B,1.6,412
7,17,E,1.6,366
7,23,E,1.6,366
7,4,G,1.6,542
7,5,A,1.6,506
7,22,D,1.6,366
8,15,F,1.6,387
8,16,B,1.6,431
9,18,B,1.6,431
9,2,H,1.6,561
10,6,D,1.6,587
10,31,D,1.6,587
10,14,D,1.6,587
10,11,H,1.6,561
10,31,F,1.6,387
10,27,G,1.6,387
10,22,G,1.6,387
10,15,F,1.6,387
11,6,C,1.6,431
11,2,E,1.6,561
11,8,A,1.6,587
11,24,B,1.6,431
11,6,C,1.6,431
12,22,B,1.6,431
12,32,B,1.6,431
12,33,B,1.6,431
12,22,G,1.6,387
12,22,F,1.6,387
1,6,G,1.6,419
1,31,D,1.6,444
1,24,F,1.6,419
1,24,F,1.6,419
1,23,H,1.6,372
2,26,C,1.6,419
2,11,F,1.6,416
2,21,B,1.6,419
3,12,C,1.6,362
3,15,D,1.6,451
4,19,A,1.6,506
4,22,C,1.6,440
5,9,A,1.6,506
5,12,C,1.6,440
5,22,F,1.6,443
6,9,D,1.6,366
7,25,F,1.6,440
8,12,C,1.6,431
8,26,B,1.6,431
8,34,F,1.6,387
9,3,C,1.6,431
9,19,F,1.6,387
12,12,B,1.6,431
12,13,F,1.6,387
1,14,D,1.6,444
1,13,A,1.6,372
1,24,D,1.6,444
1,34,B,1.6,416
2,25,B,1.6,419
2,17,F,1.6,416
2,19,G,1.6,416
2,14,E,1.6,444
3,8,G,1.6,462
3,15,E,1.6,451
3,33,B,1.6,504
3,30,H,1.6,454
3,33,F,1.6,416
3,32,D,1.6,451
4,7,B,1.6,486
4,8,H,1.6,506
5,30,E,1.6,366
5,20,F,1.6,443
5,15,G,1.6,389
5,4,E,1.6,366
6,21,E,1.6,366
6,21,C,1.6,435
7,8,F,1.6,440
7,4,A,1.6,506
7,24,A,1.6,506
7,13,C,1.6,440
7,15,F,1.6,440
7,25,C,1.6,440
9,33,G,1.6,387
10,32,D,1.6,587
10,6,F,1.6,387
10,25,G,1.6,387
11,10,C,1.6,431
12,32,G,1.6,387
12,23,G,1.6,387
1,12,A,1.6,372
1,29,A,1.6,372
1,16,F,1.6,419
1,15,B,1.6,416
1,28,A,1.6,372
2,7,F,1.6,416
2,24,G,1.6,416
2,19,C,1.6,419
2,28,H,1.6,531
2,34,E,1.6,444
2,19,D,1.6,444
2,8,E,1.6,444
2,21,G,1.6,416
3,13,C,1.6,362
3,6,D,1.6,451
3,9,E,1.6,451
3,19,D,1.6,451
4,7,G,1.6,486
4,26,C,1.6,440
4,34,D,1.6,366
4,31,E,1.6,366
4,31,E,1.6,366
5,28,D,1.6,366
5,21,C,1.6,440
5,31,F,1.6,443
5,15,A,1.6,506
5,22,F,1.6,443
5,24,F,1.6,443
5,11,F,1.6,443
6,25,C,1.6,435
6,22,A,1.6,506
6,22,B,1.6,412
6,14,E,1.6,366
6,31,D,1.6,366
6,21,B,1.6,412
7,4,D,1.6,366
7,32,H,1.6,506
7,15,G,1.6,542
8,15,C,1.6,431
8,28,G,1.6,387
9,24,B,1.6,431
9,30,B,1.6,431
9,6,C,1.6,431
9,16,D,1.6,587
9,12,F,1.6,387
10,23,F,1.6,387
10,18,G,1.6,387
10,6,C,1.6,431
11,14,G,1.6,387
11,7,G,1.6,387
11,17,C,1.6,431
11,34,C,1.6,431
11,19,B,1.6,431
11,33,H,1.6,561
11,3,F,1.6,387
11,11,C,1.6,431
12,4,G,1.6,387
12,9,C,1.6,431
12,7,B,1.6,431
1,22,B,1.6,416
1,9,H,1.6,372
1,14,H,1.6,372
2,26,E,1.6,444
2,26,A,1.6,372
2,22,B,1.6,419
3,14,H,1.6,454
3,33,D,1.6,451
3,20,E,1.6,451
3,20,F,1.6,416
6,13,F,1.6,440
6,13,H,1.6,506
7,31,F,1.6,440
8,18,H,1.6,561
9,31,B,1.6,431
9,13,C,1.6,431
11,3,G,1.6,387
12,6,E,1.6,561
1,4,C,1.7,416
1,12,F,1.7,419
1,29,F,1.7,419
2,18,D,1.7,444
2,27,F,1.7,416
3,6,C,1.7,362
3,25,H,1.7,454
4,15,C,1.7,440
4,14,C,1.7,440
4,26,C,1.7,440
4,34,A,1.7,506
4,15,A,1.7,506
4,12,E,1.7,366
4,22,E,1.7,366
4,29,C,1.7,440
4,13,F,1.7,440
4,9,H,1.7,506
4,14,A,1.7,506
5,14,A,1.7,506
5,15,C,1.7,440
6,18,H,1.7,506
6,20,G,1.7,551
6,15,E,1.7,366
6,11,B,1.7,412
7,31,C,1.7,440
7,21,B,1.7,551
7,22,D,1.7,366
7,7,C,1.7,440
7,21,C,1.7,440
8,7,D,1.7,587
8,25,D,1.7,587
8,17,A,1.7,587
8,4,G,1.7,387
8,28,F,1.7,387
8,25,F,1.7,387
8,33,F,1.7,387
9,5,B,1.7,431
9,34,B,1.7,431
9,31,C,1.7,431
10,34,C,1.7,431
10,10,F,1.7,387
11,28,G,1.7,387
11,19,C,1.7,431
11,28,G,1.7,387
11,8,F,1.7,387
12,4,F,1.7,387
12,4,C,1.7,431
12,34,B,1.7,431
12,24,F,1.7,387
1,4,H,1.7,372
1,8,H,1.7,372
1,32,B,1.7,416
1,21,B,1.7,416
1,26,E,1.7,444
2,6,A,1.7,372
2,25,D,1.7,444
3,4,C,1.7,362
3,7,A,1.7,454
3,12,C,1.7,362
3,11,D,1.7,451
4,28,E,1.7,366
4,15,H,1.7,506
5,22,B,1.7,539
5,32,A,1.7,506
5,21,H,1.7,506
5,4,A,1.7,506
5,30,G,1.7,389
5,5,F,1.7,443
6,21,B,1.7,412
6,4,C,1.7,435
6,4,B,1.7,412
6,10,B,1.7,412
6,18,C,1.7,435
6,20,F,1.7,440
6,24,F,1.7,440
7,19,H,1.7,506
7,30,C,1.7,440
8,20,C,1.7,431
9,15,B,1.7,431
9,13,G,1.7,387
9,11,H,1.7,561
10,30,C,1.7,431
10,22,H,1.7,561
10,17,G,1.7,387
10,11,F,1.7,387
11,28,H,1.7,561
12,19,G,1.7,387
12,33,C,1.7,431
12,33,B,1.7,431
12,4,C,1.7,431
12,9,F,1.7,387
1,12,H,1.7,372
1,4,G,1.7,419
1,15,E,1.7,444
2,10,F,1.7,416
2,6,C,1.7,419
6,20,A,1.7,506
6,20,C,1.7,435
8,13,F,1.7,387
11,11,G,1.7,387
12,34,F,1.7,387
1,24,C,1.7,416
1,4,B,1.7,416
1,34,E,1.7,444
1,8,F,1.7,419
1,29,A,1.7,372
1,29,G,1.7,419
1,8,G,1.7,419
1,13,B,1.7,416
1,5,E,1.7,444
2,6,F,1.7,416
2,15,B,1.7,419
2,23,B,1.7,419
2,12,C,1.7,419
3,21,E,1.7,451
3,28,A,1.7,454
3,21,E,1.7,451
3,9,A,1.7,454
3,13,A,1.7,454
3,33,A,1.7,454
4,26,E,1.7,366
4,33,E,1.7,366
4,28,A,1.7,506
5,20,G,1.7,389
5,18,C,1.7,440
5,30,H,1.7,506
5,6,A,1.7,506
6,9,E,1.7,366
6,7,B,1.7,412
6,23,A,1.7,506
6,10,F,1.7,440
6,32,C,1.7,435
6,14,C,1.7,435
6,19,C,1.7,435
6,16,B,1.7,412
7,5,D,1.7,366
7,27,D,1.7,366
7,15,A,1.7,506
7,22,A,1.7,506
7,4,A,1.7,506
7,8,F,1.7,440
7,7,D,1.7,366
7,5,A,1.7,506
8,3,H,1.7,561
8,8,C,1.7,431
8,2,C,1.7,431
9,7,A,1.7,587
9,5,B,1.7,431
9,32,F,1.7,387
9,17,G,1.7,387
10,5,G,1.7,387
10,32,C,1.7,431
11,3,B,1.7,431
12,9,A,1.7,587
12,5,F,1.7,387
12,18,B,1.7,431
12,17,B,1.7,431
1,30,A,1.7,372
2,21,C,1.7,419
2,12,B,1.7,419
3,18,G,1.7,515
4,16,F,1.7,440
4,34,C,1.7,440
4,11,D,1.7,366
5,24,D,1.7,366
5,22,D,1.7,366
5,18,E,1.7,366
5,10,F,1.7,443
6,4,E,1.7,366
6,18,E,1.7,366
8,3,H,1.7,561
9,2,B,1.7,431
9,14,G,1.7,387
11,19,G,1.7,387
11,15,H,1.7,561
11,23,G,1.7,387
12,31,F,1.7,387
12,18,C,1.7,431
12,17,B,1.7,431
12,22,H,1.7,561
1,5,B,1.7,416
1,9,G,1.7,419
1,7,F,1.7,419
1,5,B,1.7,416
1,21,D,1.7,444
1,14,G,1.7,419
1,14,B,1.7,416
2,32,B,1.7,419
2,33,F,1.7,416
2,19,B,1.7,419
2,28,C,1.7,419
2,22,A,1.7,372
3,13,G,1.7,515
3,34,G,1.7,515
3,11,F,1.7,416
3,8,E,1.7,451
4,31,E,1.7,366
4,26,A,1.7,506
4,31,H,1.7,506
5,30,F,1.7,443
5,28,B,1.7,539
5,18,G,1.7,389
5,12,G,1.7,389
5,28,C,1.7,440
5,24,E,1.7,366
6,29,H,1.7,506
6,25,F,1.7,440
6,22,F,1.7,440
6,16,E,1.7,366
6,32,A,1.7,506
6,13,A,1.7,506
7,6,G,1.7,542
7,22,B,1.7,551
7,7,D,1.7,366
8,4,F,1.7,387
8,33,G,1.7,387
8,30,C,1.7,431
8,29,B,1.7,431
9,32,C,1.7,431
9,4,C,1.7,431
9,22,G,1.7,387
9,24,G,1.7,387
10,9,C,1.7,431
11,5,B,1.7,431
11,25,H,1.7,561
11,32,C,1.7,431
11,2,H,1.7,561
11,33,C,1.7,431
11,2,H,1.7,561
12,20,C,1.7,431
12,12,C,1.7,431
12,25,B,1.7,431
1,32,G,1.7,419
1,30,G,1.7,419
2,16,E,1.7,444
2,6,F,1.7,416
4,19,C,1.7,440
5,17,C,1.7,440
6,12,D,1.7,366
7,8,G,1.7,542
8,10,B,1.7,431
9,29,G,1.7,387
11,30,A,1.7,587
11,2,G,1.7,387
12,21,G,1.7,387
1,10,B,1.7,416
1,31,A,1.7,372
1,15,F,1.7,419
1,24,G,1.7,419
1,15,H,1.7,372
1,33,B,1.7,416
1,18,B,1.7,416
1,29,D,1.7,444
2,18,G,1.7,416
2,11,B,1.7,419
3,12,C,1.7,362
3,27,C,1.7,362
3,29,G,1.7,515
3,22,C,1.7,362
4,11,F,1.7,440
4,16,F,1.7,440
5,18,H,1.7,506
7,4,B,1.7,499
8,15,C,1.7,431
8,23,E,1.7,561
9,6,C,1.7,431
9,28,E,1.7,561
9,3,F,1.7,387
11,3,F,1.7,387
11,21,B,1.7,431
11,24,B,1.7,431
12,27,H,1.7,561
12,34,E,1.7,561
12,30,G,1.7,387
12,5,B,1.7,431
1,15,D,1.7,444
1,16,E,1.7,444
1,29,G,1.7,419
1,29,B,1.7,416
2,22,D,1.7,444
2,25,E,1.7,444
3,15,E,1.7,451
3,20,F,1.7,416
3,22,E,1.7,451
3,9,C,1.7,362
3,30,E,1.7,451
4,8,C,1.7,440
4,21,B,1.7,539
5,13,A,1.7,506
5,21,A,1.7,506
5,29,C,1.7,440
5,8,C,1.7,440
6,27,C,1.7,435
6,13,B,1.7,412
6,5,G,1.7,499
6,25,C,1.7,435
7,11,D,1.7,366
7,11,C,1.7,440
7,13,A,1.7,506
7,11,G,1.7,542
7,19,B,1.7,499
8,9,D,1.7,587
8,11,D,1.7,587
8,22,H,1.7,561
9,19,G,1.7,387
10,23,B,1.7,431
10,9,G,1.7,387
12,32,G,1.7,387
12,18,H,1.7,561
12,21,C,1.7,431
2,14,F,1.7,416
2,34,G,1.7,416
3,7,D,1.7,451
3,19,H,1.7,454
4,23,A,1.7,506
4,8,D,1.7,366
4,26,C,1.7,440
4,4,B,1.7,486
6,25,C,1.7,435
6,12,E,1.7,366
7,26,E,1.7,366
7,21,D,1.7,366
8,31,D,1.7,587
8,33,G,1.7,387
9,27,C,1.7,431
9,11,F,1.7,387
10,33,C,1.7,431
11,6,B,1.7,431
12,31,H,1.7,561
1,21,B,1.8,416
1,18,F,1.8,419
1,25,C,1.8,416
1,29,F,1.8,419
1,6,D,1.8,444
1,15,D,1.8,444
1,31,G,1.8,419
1,12,C,1.8,416
1,21,A,1.8,372
2,22,D,1.8,444
2,10,F,1.8,416
2,22,D,1.8,444
2,24,C,1.8,419
2,13,A,1.8,372
2,21,A,1.8,372
2,22,C,1.8,419
3,14,E,1.8,451
3,20,A,1.8,454
3,30,F,1.8,416
3,18,G,1.8,515
3,14,E,1.8,451
3,5,C,1.8,362
3,18,C,1.8,362
3,5,A,1.8,454
3,9,A,1.8,454
3,31,C,1.8,362
3,5,E,1.8,451
3,6,D,1.8,451
4,31,H,1.8,506
4,15,D,1.8,366
4,21,A,1.8,506
5,23,H,1.8,506
5,29,G,1.8,389
6,28,F,1.8,440
6,8,A,1.8,506
7,14,G,1.8,542
7,21,C,1.8,440
7,26,D,1.8,366
7,28,A,1.8,506
7,17,H,1.8,506
7,29,A,1.8,506
8,22,D,1.8,587
9,18,B,1.8,431
9,16,B,1.8,431
9,24,B,1.8,431
10,6,C,1.8,431
10,30,B,1.8,431
10,5,F,1.8,387
11,9,F,1.8,387
11,33,B,1.8,431
11,21,E,1.8,561
11,5,B,1.8,431
11,33,B,1.8,431
12,19,D,1.8,587
12,20,D,1.8,587
12,6,B,1.8,431
12,13,C,1.8,431
12,4,F,1.8,387
1,23,E,1.8,444
2,9,A,1.8,372
2,21,C,1.8,419
2,20,E,1.8,444
2,7,A,1.8,372
3,10,F,1.8,416
4,19,H,1.8,506
4,13,C,1.8,440
4,6,F,1.8,440
5,33,G,1.8,389
5,7,D,1.8,366
5,16,C,1.8,440
6,13,C,1.8,435
6,12,G,1.8,551
6,4,H,1.8,506
6,18,H,1.8,506
7,14,D,1.8,366
8,25,B,1.8,431
8,17,G,1.8,387
9,30,B,1.8,431
9,22,B,1.8,431
9,34,B,1.8,431
10,11,B,1.8,431
11,31,F,1.8,387
11,6,E,1.8,561
11,16,G,1.8,387
11,34,H,1.8,561
12,20,B,1.8,431
12,19,C,1.8,431
12,5,E,1.8,561
12,2,E,1.8,561
1,30,D,1.8,444
1,16,C,1.8,416
1,16,D,1.8,444
1,11,A,1.8,372
1,34,D,1.8,444
2,13,A,1.8,372
2,28,B,1.8,419
2,6,A,1.8,372
3,27,A,1.8,454
4,24,F,1.8,440
5,8,F,1.8,443
5,5,B,1.8,486
6,13,F,1.8,440
6,9,F,1.8,440
6,29,B,1.8,412
7,8,C,1.8,440
7,14,F,1.8,440
8,12,C,1.8,431
9,21,C,1.8,431
10,5,B,1.8,431
10,5,A,1.8,587
10,33,B,1.8,431
10,22,G,1.8,387
11,31,F,1.8,387
12,21,G,1.8,387
12,22,E,1.8,561
12,34,B,1.8,431
12,30,C,1.8,431
12,7,E,1.8,561
1,10,E,1.8,444
1,12,D,1.8,444
1,29,E,1.8,444
1,12,H,1.8,372
1,4,D,1.8,444
2,4,A,1.8,372
2,34,E,1.8,444
2,27,G,1.8,416
2,4,H,1.8,531
3,32,D,1.8,451
3,31,D,1.8,451
3,19,H,1.8,454
3,26,A,1.8,454
3,26,F,1.8,416
4,7,A,1.8,506
5,18,C,1.8,440
5,34,H,1.8,506
5,21,D,1.8,366
5,18,F,1.8,443
5,25,H,1.8,506
6,8,E,1.8,366
6,32,H,1.8,506
6,11,D,1.8,366
6,6,D,1.8,366
6,28,C,1.8,435
6,14,E,1.8,366
7,8,H,1.8,506
8,18,B,1.8,431
8,9,H,1.8,561
8,2,E,1.8,561
9,34,C,1.8,431
10,26,B,1.8,431
10,4,B,1.8,431
10,12,C,1.8,431
11,32,B,1.8,431
11,10,B,1.8,431
11,3,B,1.8,431
11,23,B,1.8,431
12,32,F,1.8,387
12,25,C,1.8,431
12,4,E,1.8,561
12,7,H,1.8,561
3,18,B,1.8,504
3,7,A,1.8,454
4,27,A,1.8,506
5,30,F,1.8,443
5,7,A,1.8,506
5,31,A,1.8,506
6,25,C,1.8,435
7,20,C,1.8,440
7,14,H,1.8,506
7,19,B,1.8,499
8,28,C,1.8,431
8,24,C,1.8,431
9,4,A,1.8,587
9,23,F,1.8,387
10,21,F,1.8,387
10,32,C,1.8,431
11,29,G,1.8,387
11,22,C,1.8,431
11,15,C,1.8,431
11,11,E,1.8,561
12,21,D,1.8,587
1,28,D,1.8,444
2,32,B,1.8,419
3,26,D,1.8,451
3,21,G,1.8,515
3,20,G,1.8,515
3,25,E,1.8,451
3,17,H,1.8,454
3,27,D,1.8,451
4,19,G,1.8,539
4,33,F,1.8,440
4,17,C,1.8,440
4,11,G,1.8,486
4,20,H,1.8,506
5,28,C,1.8,440
5,11,H,1.8,506
5,20,A,1.8,506
5,25,F,1.8,443
5,15,E,1.8,366
5,25,D,1.8,366
5,13,D,1.8,366
5,5,D,1.8,366
5,8,A,1.8,506
6,11,D,1.8,366
6,8,C,1.8,435
6,14,F,1.8,440
6,14,B,1.8,412
6,30,B,1.8,412
6,26,B,1.8,412
6,24,C,1.8,435
6,25,B,1.8,412
6,32,A,1.8,506
6,14,A,1.8,506
7,5,A,1.8,506
7,31,B,1.8,551
7,24,A,1.8,506
7,30,A,1.8,506
7,22,A,1.8,506
7,13,B,1.8,499
8,15,C,1.8,431
8,11,B,1.8,431
8,12,H,1.8,561
8,14,E,1.8,561
8,16,D,1.8,587
8,7,E,1.8,561
9,21,G,1.8,387
9,30,G,1.8,387
10,4,C,1.8,431
10,32,B,1.8,431
10,19,C,1.8,431
10,7,G,1.8,387
10,2,F,1.8,387
10,18,C,1.8,431
10,13,B,1.8,387
11,14,G,1.8,387
11,22,E,1.8,561
11,22,C,1.8,431
11,10,C,1.8,431
12,27,G,1.8,387
12,28,B,1.8,431
12,6,E,1.8,561
12,26,H,1.8,561
12,15,G,1.8,387
12,8,F,1.8,387
12,5,G,1.8,387
12,28,G,1.8,387
12,2,A,1.8,587
1,19,C,1.8,416
2,15,D,1.8,444
2,31,C,1.8,419
3,32,C,1.8,362
3,34,D,1.8,451
3,23,H,1.8,454
5,6,B,1.8,486
6,14,E,1.8,366
6,22,D,1.8,366
6,16,H,1.8,506
9,20,C,1.8,431
11,11,F,1.8,387
11,3,E,1.8,561
12,15,E,1.8,561
1,4,E,1.8,444
1,11,G,1.8,419
1,27,H,1.8,372
1,24,F,1.8,419
3,10,A,1.8,454
3,15,F,1.8,416
4,21,H,1.8,506
4,4,B,1.8,486
5,9,H,1.8,506
6,18,F,1.8,440
7,12,C,1.8,440
8,22,A,1.8,587
9,20,B,1.8,431
9,9,B,1.8,431
9,18,C,1.8,431
9,26,E,1.8,561
9,26,F,1.8,387
10,5,B,1.8,431
11,21,H,1.8,561
11,21,B,1.8,431
11,14,B,1.8,431
11,20,C,1.8,431
11,15,G,1.8,387
12,3,F,1.8,387
12,8,A,1.8,587
12,12,B,1.8,431
1,25,D,1.8,444
2,22,D,1.8,444
2,8,F,1.8,416
2,8,D,1.8,444
2,14,E,1.8,444
2,25,H,1.8,531
3,27,C,1.8,362
3,4,F,1.8,416
3,29,F,1.8,416
4,23,C,1.8,440
4,6,G,1.8,486
4,21,A,1.8,506
5,29,D,1.8,366
5,22,F,1.8,443
5,21,E,1.8,366
5,33,F,1.8,443
6,30,D,1.8,366
6,29,C,1.8,435
7,28,G,1.8,542
7,21,F,1.8,440
7,29,G,1.8,542
8,4,D,1.8,587
8,32,B,1.8,431
10,11,B,1.8,431
10,12,E,1.8,561
10,30,C,1.8,431
10,25,B,1.8,431
10,9,E,1.8,561
11,34,H,1.8,561
11,3,H,1.8,561
11,13,C,1.8,431
11,5,G,1.8,387
12,2,C,1.8,431
12,3,H,1.8,561
12,11,G,1.8,387
12,13,C,1.8,431
12,20,B,1.8,431
1,23,F,1.8,419
2,29,C,1.8,419
2,18,G,1.8,416
3,34,H,1.8,454
4,15,A,1.8,506
5,26,G,1.8,389
5,21,C,1.8,440
5,30,E,1.8,366
6,11,A,1.8,506
6,12,A,1.8,506
7,22,C,1.8,440
7,16,D,1.8,366
7,24,B,1.8,499
8,32,C,1.8,431
8,10,B,1.8,431
8,14,B,1.8,431
8,6,E,1.8,561
8,27,C,1.8,431
10,19,C,1.8,431
11,13,B,1.8,431
11,19,C,1.8,431
12,10,H,1.8,561
1,20,D,1.9,444
1,20,E,1.9,444
1,24,D,1.9,444
1,26,D,1.9,444
2,18,B,1.9,419
2,4,H,1.9,531
2,29,D,1.9,444
2,25,B,1.9,419
2,15,B,1.9,419
2,9,H,1.9,531
3,22,D,1.9,451
3,33,C,1.9,362
3,8,C,1.9,362
3,30,A,1.9,454
4,18,E,1.9,366
5,10,G,1.9,389
5,25,C,1.9,440
5,23,D,1.9,366
5,21,D,1.9,366
6,9,B,1.9,412
6,8,G,1.9,499
6,5,D,1.9,366
6,30,C,1.9,435
6,26,B,1.9,412
6,26,C,1.9,435
6,20,D,1.9,366
6,8,D,1.9,366
6,5,C,1.9,435
6,14,H,1.9,506
6,29,F,1.9,440
6,12,C,1.9,435
7,21,B,1.9,551
7,12,E,1.9,366
8,20,C,1.9,431
8,9,C,1.9,431
8,17,B,1.9,431
9,32,B,1.9,431
9,28,C,1.9,431
10,7,E,1.9,561
10,12,E,1.9,561
10,24,B,1.9,431
10,29,C,1.9,431
10,30,C,1.9,431
10,6,G,1.9,387
10,15,F,1.9,387
11,10,E,1.9,561
11,16,A,1.9,587
11,24,F,1.9,387
11,25,G,1.9,387
11,7,E,1.9,561
11,17,H,1.9,561
12,5,D,1.9,587
12,20,E,1.9,561
12,20,G,1.9,387
12,32,G,1.9,387
12,29,F,1.9,387
12,9,C,1.9,431
12,13,E,1.9,561
1,4,G,1.9,419
1,14,F,1.9,419
2,13,B,1.9,419
3,28,A,1.9,454
3,10,B,1.9,504
3,20,D,1.9,451
3,9,E,1.9,451
3,10,C,1.9,362
3,29,H,1.9,454
5,25,A,1.9,506
5,6,C,1.9,440
6,28,B,1.9,412
7,9,G,1.9,542
7,24,F,1.9,440
8,14,B,1.9,431
8,25,B,1.9,431
9,2,A,1.9,587
9,6,B,1.9,431
9,6,B,1.9,431
9,18,C,1.9,431
9,26,E,1.9,561
10,22,B,1.9,431
10,34,G,1.9,387
11,23,F,1.9,387
11,26,E,1.9,561
11,27,H,1.9,561
1,34,A,1.9,372
2,28,C,1.9,419
3,30,H,1.9,454
3,34,C,1.9,362
3,8,A,1.9,454
3,34,C,1.9,362
6,15,F,1.9,440
7,26,F,1.9,440
10,32,E,1.9,561
11,15,E,1.9,561
11,20,B,1.9,431
12,7,G,1.9,387
12,4,B,1.9,431
12,3,C,1.9,431
1,24,H,1.9,372
1,8,B,1.9,416
2,6,A,1.9,372
2,9,E,1.9,444
3,18,C,1.9,362
3,9,H,1.9,454
4,5,F,1.9,440
4,10,C,1.9,440
4,31,E,1.9,366
4,33,D,1.9,366
4,10,F,1.9,440
4,6,F,1.9,440
4,4,F,1.9,440
5,8,C,1.9,440
5,11,F,1.9,443
5,33,C,1.9,440
5,15,A,1.9,506
6,15,F,1.9,440
6,26,E,1.9,366
6,9,C,1.9,435
7,24,C,1.9,440
7,28,C,1.9,440
7,18,H,1.9,506
8,17,E,1.9,561
8,27,G,1.9,387
8,9,C,1.9,431
8,25,F,1.9,387
8,32,G,1.9,387
9,6,C,1.9,431
9,7,G,1.9,387
9,7,G,1.9,387
9,26,H,1.9,561
10,6,D,1.9,587
10,7,H,1.9,561
11,17,G,1.9,387
11,14,D,1.9,587
12,14,G,1.9,387
12,32,G,1.9,387
12,32,B,1.9,431
12,13,C,1.9,431
12,23,B,1.9,431
12,27,F,1.9,387
12,25,D,1.9,587
5,19,H,1.9,506
5,8,B,1.9,486
6,29,C,1.9,435
7,21,H,1.9,506
8,31,G,1.9,387
8,19,E,1.9,561
9,32,A,1.9,587
9,6,H,1.9,561
10,14,H,1.9,561
10,7,G,1.9,387
10,24,H,1.9,561
11,10,H,1.9,561
11,29,B,1.9,431
1,32,B,1.9,416
1,13,D,1.9,444
1,31,E,1.9,444
1,19,A,1.9,372
1,19,B,1.9,416
1,26,C,1.9,416
1,13,F,1.9,419
1,7,B,1.9,416
1,33,A,1.9,372
2,26,G,1.9,416
2,16,D,1.9,444
2,33,E,1.9,444
3,24,E,1.9,451
3,18,E,1.9,451
3,26,A,1.9,454
3,7,A,1.9,454
3,9,F,1.9,416
4,11,C,1.9,440
4,24,H,1.9,506
4,18,H,1.9,506
4,14,A,1.9,506
4,15,A,1.9,506
4,17,D,1.9,366
4,11,D,1.9,366
5,7,D,1.9,366
5,14,A,1.9,506
6,4,D,1.9,366
6,12,D,1.9,366
6,11,H,1.9,506
6,13,A,1.9,506
6,28,D,1.9,366
6,23,C,1.9,435
6,14,F,1.9,440
7,17,E,1.9,366
7,6,H,1.9,506
7,16,G,1.9,542
7,23,D,1.9,366
7,7,G,1.9,542
7,18,F,1.9,440
7,10,H,1.9,506
8,27,C,1.9,431
8,21,H,1.9,561
8,16,B,1.9,431
8,7,H,1.9,561
9,33,C,1.9,431
9,12,E,1.9,561
9,7,F,1.9,387
9,16,H,1.9,561
10,2,F,1.9,387
10,28,F,1.9,387
10,8,C,1.9,431
10,18,H,1.9,561
10,17,B,1.9,431
10,15,E,1.9,561
11,32,F,1.9,387
11,15,H,1.9,561
11,17,D,1.9,587
11,17,F,1.9,387
11,18,B,1.9,431
12,27,G,1.9,387
12,6,E,1.9,561
12,4,D,1.9,587
12,13,G,1.9,387
12,11,G,1.9,387
12,18,B,1.9,431
1,29,D,1.9,444
2,14,E,1.9,444
5,33,G,1.9,389
6,24,F,1.9,440
8,32,A,1.9,587
9,19,F,1.9,387
9,31,H,1.9,561
10,11,H,1.9,561
10,5,D,1.9,587
1,9,H,1.9,372
1,24,H,1.9,372
2,12,C,1.9,419
2,33,H,1.9,531
3,7,C,1.9,362
3,8,D,1.9,451
4,11,F,1.9,440
4,9,G,1.9,486
4,17,H,1.9,506
4,13,H,1.9,506
5,30,H,1.9,506
6,21,C,1.9,435
6,6,G,1.9,499
7,22,A,1.9,506
7,24,H,1.9,506
8,19,B,1.9,431
8,18,D,1.9,587
8,8,H,1.9,561
9,30,C,1.9,431
9,34,E,1.9,561
10,26,D,1.9,587
10,33,C,1.9,431
11,14,B,1.9,431
11,9,B,1.9,431
11,8,E,1.9,561
11,10,C,1.9,431
11,4,A,1.9,587
12,4,A,1.9,587
1,25,H,1.9,372
1,26,G,1.9,419
1,31,E,1.9,444
1,23,G,1.9,419
2,13,C,1.9,419
2,6,C,1.9,419
2,10,C,1.9,419
2,26,H,1.9,531
3,17,D,1.9,451
3,17,G,1.9,515
3,28,A,1.9,454
3,13,C,1.9,362
4,13,D,1.9,366
5,12,G,1.9,389
5,14,H,1.9,506
5,31,H,1.9,506
5,13,D,1.9,366
5,22,D,1.9,366
5,11,C,1.9,440
5,9,F,1.9,443
6,12,H,1.9,506
6,20,F,1.9,440
6,20,H,1.9,506
6,8,B,1.9,412
6,9,E,1.9,366
7,16,G,1.9,542
8,15,B,1.9,431
8,32,G,1.9,387
8,34,B,1.9,431
10,28,C,1.9,431
10,28,F,1.9,387
12,7,H,1.9,561
12,32,F,1.9,387
1,26,H,1.9,372
3,9,A,1.9,454
3,5,D,1.9,451
4,19,E,1.9,366
4,20,B,1.9,539
5,23,A,1.9,506
5,32,B,1.9,539
7,20,D,1.9,366
7,9,F,1.9,440
8,4,E,1.9,561
10,4,G,1.9,387
11,13,H,1.9,561
11,13,F,1.9,387
12,34,E,1.9,561
1,26,F,2.0,419
1,4,G,2.0,419
2,19,B,2.0,419
2,8,G,2.0,416
3,22,F,2.0,416
4,4,H,2.0,506
4,10,A,2.0,506
4,9,D,2.0,366
4,20,F,2.0,440
4,17,G,2.0,539
5,34,F,2.0,443
5,27,G,2.0,389
6,25,H,2.0,506
7,29,H,2.0,506
7,16,C,2.0,440
7,5,B,2.0,499
7,12,B,2.0,499
8,28,G,2.0,387
8,19,G,2.0,387
9,28,B,2.0,431
9,5,B,2.0,431
9,32,C,2.0,431
9,31,D,2.0,587
9,28,F,2.0,387
9,27,G,2.0,387
9,15,H,2.0,561
10,25,B,2.0,431
10,5,G,2.0,387
11,25,C,2.0,431
11,7,B,2.0,431
11,24,D,2.0,587
11,22,E,2.0,561
11,3,A,2.0,587
12,11,G,2.0,387
12,5,B,2.0,431
1,25,B,2.0,416
1,31,B,2.0,416
2,12,E,2.0,444
2,34,D,2.0,444
3,29,G,2.0,515
3,33,F,2.0,416
3,21,G,2.0,515
4,34,A,2.0,506
4,9,H,2.0,506
5,4,C,2.0,440
6,18,F,2.0,440
6,9,G,2.0,499
6,22,A,2.0,506
8,14,G,2.0,387
8,30,G,2.0,387
10,7,A,2.0,587
10,23,C,2.0,431
11,29,D,2.0,587
12,29,E,2.0,561
1,11,G,2.0,419
1,11,G,2.0,419
2,12,D,2.0,444
3,30,B,2.0,504
3,29,A,2.0,454
3,28,D,2.0,451
4,9,D,2.0,366
5,11,F,2.0,443
5,4,G,2.0,389
5,21,D,2.0,366
5,27,B,2.0,539
7,32,H,2.0,506
7,15,H,2.0,506
7,16,G,2.0,542
8,29,H,2.0,561
9,5,B,2.0,431
9,31,B,2.0,431
11,4,A,2.0,587
12,26,F,2.0,387
12,9,G,2.0,387
1,20,C,2.0,416
1,30,A,2.0,372
2,7,C,2.0,419
3,15,F,2.0,416
4,16,E,2.0,366
4,6,B,2.0,486
4,34,C,2.0,440
4,5,H,2.0,506
6,32,G,2.0,551
6,28,C,2.0,435
6,24,G,2.0,551
7,19,A,2.0,506
7,17,H,2.0,506
8,2,C,2.0,431
8,21,B,2.0,431
8,26,E,2.0,561
9,21,A,2.0,587
9,34,B,2.0,431
10,22,A,2.0,587
10,17,G,2.0,387
10,2,H,2.0,561
11,29,C,2.0,431
11,32,E,2.0,561
11,30,C,2.0,431
12,26,F,2.0,387
12,3,C,2.0,431
12,11,A,2.0,587
12,33,E,2.0,561
12,3,F,2.0,387
12,17,B,2.0,431
12,3,F,2.0,387
1,8,F,2.0,419
2,5,E,2.0,444
3,11,C,2.0,362
3,33,E,2.0,451
4,31,H,2.0,506
4,29,E,2.0,366
6,5,D,2.0,366
8,9,G,2.0,387
8,9,G,2.0,387
9,7,A,2.0,587
9,26,B,2.0,431
9,5,D,2.0,587
9,15,H,2.0,561
12,19,G,2.0,387
1,12,H,2.0,372
1,12,C,2.0,416
1,16,E,2.0,444
1,32,E,2.0,444
2,15,D,2.0,444
2,17,H,2.0,531
2,13,A,2.0,372
2,20,G,2.0,416
3,33,A,2.0,454
3,32,B,2.0,504
3,31,E,2.0,451
3,29,E,2.0,451
3,4,F,2.0,416
3,32,H,2.0,454
3,13,A,2.0,454
3,33,B,2.0,504
4,13,D,2.0,366
4,12,A,2.0,506
4,10,B,2.0,486
4,30,F,2.0,440
4,26,G,2.0,539
5,22,D,2.0,366
5,33,G,2.0,389
5,27,B,2.0,539
5,27,C,2.0,440
5,12,E,2.0,366
5,21,A,2.0,506
6,5,E,2.0,366
6,27,F,2.0,440
6,6,G,2.0,499
6,26,C,2.0,435
6,8,B,2.0,412
7,12,C,2.0,440
7,25,B,2.0,551
7,18,G,2.0,542
7,29,A,2.0,506
7,14,B,2.0,499
8,28,F,2.0,387
8,16,G,2.0,387
8,6,A,2.0,587
8,7,E,2.0,561
8,20,C,2.0,431
8,23,B,2.0,431
9,3,A,2.0,587
9,3,B,2.0,431
9,16,C,2.0,431
9,6,G,2.0,387
9,22,G,2.0,387
10,18,C,2.0,431
10,18,C,2.0,431
10,31,B,2.0,431
10,11,C,2.0,431
10,3,H,2.0,561
10,4,D,2.0,587
10,3,B,2.0,431
10,11,D,2.0,587
11,16,H,2.0,561
11,15,D,2.0,587
11,19,A,2.0,587
11,17,D,2.0,587
11,30,B,2.0,431
11,25,C,2.0,431
11,27,H,2.0,561
11,28,A,2.0,587
11,28,A,2.0,587
12,14,G,2.0,387
12,8,D,2.0,587
12,8,G,2.0,387
12,22,G,2.0,387
12,17,B,2.0,431
12,16,B,2.0,431
12,7,H,2.0,561
12,30,E,2.0,561
12,34,A,2.0,587
12,7,A,2.0,587
12,14,C,2.0,431
12,16,G,2.0,387
3,23,H,2.0,454
3,21,E,2.0,451
3,24,G,2.0,515
4,12,E,2.0,366
4,33,E,2.0,366
4,34,G,2.0,539
5,19,G,2.0,389
9,6,B,2.0,431
9,7,F,2.0,387
10,33,D,2.0,587
11,13,B,2.0,431
11,4,G,2.0,387
11,32,F,2.0,387
11,6,C,2.0,431
1,24,C,2.0,416
2,24,B,2.0,419
3,14,H,2.0,454
3,19,G,2.0,515
3,13,F,2.0,416
3,18,F,2.0,416
4,34,A,2.0,506
4,25,E,2.0,366
5,7,A,2.0,506
6,16,A,2.0,506
7,32,C,2.0,440
7,27,A,2.0,506
8,18,B,2.0,431
8,15,B,2.0,431
8,12,C,2.0,431
9,18,B,2.0,431
9,26,E,2.0,561
9,16,F,2.0,387
9,24,G,2.0,387
9,8,H,2.0,561
10,5,G,2.0,387
10,22,C,2.0,431
10,21,C,2.0,431
10,6,H,2.0,561
10,11,E,2.0,561
12,10,F,2.0,387
12,19,B,2.0,431
1,32,A,2.0,372
1,32,H,2.0,372
2,21,D,2.0,444
2,13,G,2.0,416
2,29,H,2.0,531
3,11,F,2.0,416
3,10,C,2.0,362
3,23,D,2.0,451
4,14,D,2.0,366
4,28,A,2.0,506
4,22,C,2.0,440
4,23,B,2.0,539
5,29,C,2.0,440
5,6,F,2.0,443
6,22,D,2.0,366
6,8,A,2.0,506
6,14,A,2.0,506
7,4,D,2.0,366
7,24,D,2.0,366
7,30,H,2.0,506
7,5,D,2.0,366
7,17,C,2.0,440
7,14,G,2.0,542
8,14,E,2.0,561
8,26,H,2.0,561
9,34,D,2.0,587
9,24,F,2.0,387
9,17,G,2.0,387
9,26,H,2.0,561
10,27,F,2.0,387
10,20,F,2.0,387
10,28,D,2.0,587
10,19,E,2.0,561
10,2,D,2.0,587
11,5,B,2.0,431
12,33,B,2.0,431
12,26,D,2.0,587
1,24,F,2.0,419
2,13,B,2.0,419
5,28,G,2.0,389
6,29,C,2.0,435
6,17,F,2.0,440
6,22,B,2.0,412
7,5,G,2.0,542
7,29,H,2.0,506
8,6,G,2.0,387
9,23,E,2.0,561
9,23,G,2.0,387
9,2,H,2.0,561
12,29,A,2.0,587
1,4,B,2.1,416
1,32,A,2.1,372
1,12,E,2.1,444
2,14,A,2.1,372
2,29,F,2.1,416
3,22,F,2.1,416
3,8,C,2.1,362
4,27,H,2.1,506
4,29,B,2.1,539
4,8,C,2.1,440
4,14,C,2.1,440
5,7,B,2.1,486
5,24,A,2.1,506
5,17,D,2.1,366
5,16,E,2.1,366
5,27,F,2.1,443
5,31,C,2.1,440
6,4,C,2.1,435
6,24,C,2.1,435
6,29,C,2.1,435
7,17,D,2.1,366
8,17,H,2.1,561
8,34,H,2.1,561
9,2,A,2.1,587
9,5,A,2.1,587
9,4,A,2.1,587
9,32,B,2.1,431
9,25,E,2.1,561
10,7,C,2.1,431
10,7,D,2.1,587
10,11,A,2.1,587
11,25,B,2.1,431
11,8,F,2.1,387
11,34,C,2.1,431
11,24,F,2.1,387
11,14,A,2.1,587
12,8,G,2.1,387
12,28,H,2.1,561
12,8,A,2.1,587
1,4,C,2.1,416
1,32,D,2.1,444
1,32,F,2.1,419
1,4,G,2.1,419
1,21,B,2.1,416
1,29,C,2.1,416
2,30,G,2.1,416
4,28,B,2.1,539
4,5,A,2.1,506
5,27,C,2.1,440
5,31,H,2.1,506
5,21,D,2.1,366
6,27,B,2.1,412
7,25,A,2.1,506
7,24,D,2.1,366
7,18,A,2.1,506
7,6,B,2.1,499
8,14,F,2.1,387
9,13,C,2.1,431
9,27,F,2.1,387
9,20,H,2.1,561
10,15,C,2.1,431
11,25,G,2.1,387
11,19,G,2.1,387
11,20,B,2.1,431
11,34,A,2.1,587
11,7,A,2.1,587
11,34,A,2.1,587
12,28,B,2.1,431
12,23,B,2.1,431
12,34,F,2.1,387
12,29,F,2.1,387
1,10,H,2.1,372
1,17,G,2.1,419
1,19,G,2.1,419
1,24,G,2.1,419
1,26,H,2.1,372
2,23,A,2.1,372
3,27,F,2.1,416
4,12,C,2.1,440
4,18,H,2.1,506
5,7,C,2.1,440
7,23,B,2.1,551
8,6,E,2.1,561
8,33,G,2.1,387
8,13,E,2.1,561
10,28,F,2.1,387
11,20,G,2.1,387
11,14,C,2.1,431
12,25,B,2.1,431
12,17,H,2.1,561
1,34,C,2.1,416
1,13,H,2.1,372
2,11,F,2.1,416
2,8,G,2.1,416
2,11,C,2.1,419
2,32,B,2.1,419
2,19,B,2.1,419
3,16,C,2.1,362
3,30,G,2.1,515
4,27,H,2.1,506
4,17,D,2.1,366
5,28,F,2.1,443
5,30,A,2.1,506
8,34,A,2.1,587
8,7,C,2.1,431
9,10,A,2.1,587
9,16,B,2.1,431
9,9,C,2.1,431
9,13,G,2.1,387
10,15,G,2.1,387
11,8,F,2.1,387
11,25,B,2.1,431
11,19,B,2.1,431
11,3,H,2.1,561
11,10,E,2.1,561
12,17,C,2.1,431
12,15,E,2.1,561
12,28,A,2.1,587
12,29,C,2.1,431
1,14,F,2.1,419
1,14,B,2.1,416
2,5,C,2.1,419
2,4,B,2.1,419
4,13,C,2.1,440
4,9,C,2.1,440
4,7,C,2.1,440
9,5,D,2.1,587
10,22,G,2.1,387
10,2,B,2.1,431
12,24,C,2.1,431
1,30,B,2.1,416
1,14,E,2.1,444
1,23,B,2.1,416
1,10,E,2.1,444
2,31,B,2.1,419
2,7,F,2.1,416
2,29,D,2.1,444
2,19,C,2.1,419
3,25,E,2.1,451
3,17,G,2.1,515
3,34,E,2.1,451
4,7,A,2.1,506
4,10,H,2.1,506
4,19,F,2.1,440
5,17,D,2.1,366
5,5,H,2.1,506
5,4,C,2.1,440
5,28,C,2.1,440
5,28,H,2.1,506
5,4,F,2.1,443
6,6,A,2.1,506
6,21,G,2.1,551
7,30,E,2.1,366
7,30,H,2.1,506
7,17,E,2.1,366
7,26,A,2.1,506
7,28,C,2.1,440
8,20,E,2.1,561
8,24,G,2.1,387
8,34,B,2.1,431
8,12,B,2.1,431
8,34,E,2.1,561
9,17,A,2.1,587
9,31,C,2.1,431
9,20,C,2.1,431
9,27,F,2.1,387
10,9,H,2.1,561
10,19,A,2.1,587
11,4,D,2.1,587
11,16,G,2.1,387
11,10,G,2.1,387
11,2,C,2.1,431
11,7,B,2.1,431
12,13,E,2.1,561
2,13,A,2.1,372
7,4,D,2.1,366
7,26,H,2.1,506
11,3,B,2.1,431
1,22,H,2.1,372
3,5,B,2.1,504
3,31,E,2.1,451
4,6,C,2.1,440
4,11,G,2.1,486
5,22,D,2.1,366
7,10,H,2.1,506
7,24,H,2.1,506
7,29,A,2.1,506
8,17,F,2.1,387
9,4,C,2.1,431
9,11,H,2.1,561
10,34,E,2.1,561
11,32,B,2.1,431
11,16,C,2.1,431
11,13,A,2.1,587
1,4,C,2.1,416
1,34,B,2.1,416
2,6,C,2.1,419
3,14,C,2.1,362
3,13,G,2.1,515
4,18,E,2.1,366
4,26,E,2.1,366
4,21,F,2.1,440
4,25,A,2.1,506
4,14,F,2.1,440
5,23,A,2.1,506
6,29,B,2.1,412
7,31,C,2.1,440
8,4,D,2.1,587
9,15,B,2.1,431
9,34,C,2.1,431
10,34,C,2.1,431
10,20,A,2.1,587
10,24,G,2.1,387
10,2,G,2.1,387
11,33,D,2.1,587
11,18,C,2.1,431
12,9,C,2.1,431
12,18,C,2.1,431
12,31,G,2.1,387
12,19,D,2.1,587
12,29,D,2.1,587
2,19,G,2.1,416
2,24,G,2.1,416
2,22,F,2.1,416
3,16,D,2.1,451
6,16,C,2.1,435
7,26,H,2.1,506
10,21,G,2.1,387
11,3,H,2.1,561
12,5,G,2.1,387
12,34,A,2.1,587
1,15,C,2.2,416
1,17,H,2.2,372
1,23,C,2.2,416
2,18,C,2.2,419
2,26,F,2.2,416
2,18,G,2.2,416
2,4,B,2.2,419
3,5,B,2.2,504
4,9,E,2.2,366
5,14,A,2.2,506
5,23,A,2.2,506
5,30,B,2.2,539
6,26,D,2.2,366
6,30,F,2.2,440
6,17,B,2.2,412
7,8,G,2.2,542
8,19,E,2.2,561
8,8,E,2.2,561
9,24,B,2.2,431
10,5,A,2.2,587
10,6,H,2.2,561
12,28,B,2.2,431
1,26,B,2.2,416
1,22,C,2.2,416
2,14,C,2.2,419
2,24,F,2.2,416
3,6,G,2.2,462
4,17,A,2.2,506
4,33,D,2.2,366
5,5,D,2.2,366
5,4,H,2.2,506
5,11,G,2.2,389
6,8,H,2.2,506
6,5,F,2.2,440
7,23,C,2.2,440
8,31,G,2.2,387
10,3,B,2.2,431
11,29,E,2.2,561
11,12,F,2.2,387
12,30,C,2.2,431
12,14,H,2.2,561
1,30,F,2.2,419
2,15,E,2.2,444
3,26,F,2.2,416
3,34,F,2.2,416
3,34,F,2.2,416
5,30,A,2.2,506
5,33,G,2.2,389
5,4,H,2.2,506
5,34,A,2.2,506
7,14,H,2.2,506
9,19,D,2.2,587
10,2,H,2.2,561
10,20,F,2.2,387
10,12,B,2.2,431
10,24,E,2.2,561
10,6,A,2.2,587
12,28,E,2.2,561
1,30,G,2.2,419
1,21,B,2.2,416
1,29,H,2.2,372
1,16,A,2.2,372
1,15,B,2.2,416
1,18,D,2.2,444
1,34,C,2.2,416
2,5,B,2.2,419
2,6,C,2.2,419
2,20,H,2.2,531
3,19,D,2.2,451
3,33,B,2.2,504
4,20,G,2.2,539
5,25,C,2.2,440
5,26,B,2.2,539
5,13,A,2.2,506
5,11,H,2.2,506
5,24,C,2.2,440
6,5,D,2.2,366
6,30,F,2.2,440
6,19,H,2.2,506
6,29,E,2.2,366
6,7,A,2.2,506
7,19,H,2.2,506
7,17,G,2.2,542
8,19,H,2.2,561
9,15,B,2.2,431
9,12,E,2.2,561
9,33,F,2.2,387
10,30,E,2.2,561
10,4,B,2.2,431
10,28,C,2.2,431
10,24,B,2.2,431
10,20,B,2.2,431
10,19,D,2.2,587
11,12,B,2.2,431
11,8,F,2.2,387
12,5,G,2.2,387
12,34,B,2.2,431
12,34,H,2.2,561
12,14,B,2.2,431
12,33,H,2.2,561
4,4,F,2.2,440
4,31,B,2.2,539
4,7,C,2.2,440
4,26,H,2.2,506
5,33,A,2.2,506
11,22,D,2.2,587
11,22,D,2.2,587
11,10,A,2.2,587
12,16,D,2.2,587
12,19,B,2.2,431
12,7,H,2.2,561
1,19,D,2.2,444
2,10,C,2.2,419
2,10,D,2.2,444
3,12,H,2.2,454
3,21,G,2.2,515
3,30,B,2.2,504
3,5,E,2.2,451
3,26,F,2.2,416
3,11,A,2.2,454
4,33,A,2.2,506
4,31,F,2.2,440
4,24,C,2.2,440
5,5,E,2.2,366
5,33,E,2.2,366
5,30,E,2.2,366
5,4,D,2.2,366
5,12,D,2.2,366
5,6,B,2.2,486
5,28,H,2.2,506
5,13,C,2.2,440
5,9,C,2.2,440
6,14,F,2.2,440
6,17,E,2.2,366
6,24,F,2.2,440
7,8,D,2.2,366
7,11,A,2.2,506
8,12,D,2.2,587
8,20,H,2.2,561
8,26,F,2.2,387
8,28,C,2.2,431
8,13,D,2.2,587
9,33,A,2.2,587
9,19,B,2.2,431
9,30,D,2.2,587
9,15,H,2.2,561
9,13,H,2.2,561
10,4,C,2.2,431
10,16,D,2.2,587
10,8,D,2.2,587
10,6,E,2.2,561
10,27,D,2.2,587
11,20,G,2.2,387
11,3,H,2.2,561
11,33,G,2.2,387
11,17,D,2.2,587
11,33,D,2.2,587
12,16,A,2.2,587
12,31,E,2.2,561
12,29,E,2.2,561
12,17,E,2.2,561
12,30,A,2.2,587
3,28,C,2.2,362
4,17,C,2.2,440
5,12,G,2.2,389
5,6,D,2.2,366
5,10,F,2.2,443
7,9,A,2.2,506
9,3,D,2.2,587
9,23,F,2.2,387
10,11,E,2.2,561
11,22,A,2.2,587
11,17,F,2.2,387
1,21,F,2.2,419
2,25,D,2.2,444
3,16,B,2.2,504
3,19,B,2.2,504
3,17,E,2.2,451
4,19,F,2.2,440
4,5,A,2.2,506
4,8,H,2.2,506
5,26,E,2.2,366
6,25,B,2.2,412
6,30,C,2.2,435
8,13,D,2.2,587
9,15,E,2.2,561
10,13,C,2.2,431
11,7,E,2.2,561
12,26,A,2.2,587
1,27,G,2.2,419
1,23,B,2.2,416
1,10,G,2.2,419
2,18,H,2.2,531
3,26,B,2.2,504
4,31,B,2.2,539
4,9,C,2.2,440
4,6,G,2.2,486
4,9,A,2.2,506
5,6,D,2.2,366
5,6,C,2.2,440
7,31,H,2.2,506
7,6,H,2.2,506
7,25,H,2.2,506
8,34,A,2.2,587
8,34,A,2.2,587
8,7,B,2.2,431
8,5,A,2.2,587
9,24,E,2.2,561
10,26,B,2.2,431
10,22,C,2.2,431
10,17,C,2.2,431
10,12,E,2.2,561
11,7,G,2.2,387
12,13,A,2.2,587
12,27,E,2.2,561
12,30,B,2.2,431
3,28,D,2.2,451
4,8,F,2.2,440
8,32,B,2.2,431
11,7,E,2.2,561
12,9,B,2.2,431
1,12,G,2.3,419
3,11,E,2.3,451
3,23,G,2.3,515
3,5,E,2.3,451
5,14,B,2.3,539
5,18,F,2.3,443
5,24,E,2.3,366
6,20,B,2.3,412
6,18,B,2.3,412
7,9,E,2.3,366
8,18,A,2.3,587
8,16,B,2.3,431
8,9,D,2.3,587
9,17,A,2.3,587
9,22,C,2.3,431
9,33,D,2.3,587
10,29,F,2.3,387
10,11,C,2.3,431
10,28,B,2.3,431
11,4,H,2.3,561
12,34,E,2.3,561
12,24,H,2.3,561
12,13,G,2.3,387
12,24,H,2.3,561
12,22,B,2.3,431
12,8,A,2.3,587
1,14,G,2.3,419
1,21,E,2.3,444
2,12,H,2.3,531
3,26,D,2.3,451
3,19,B,2.3,504
4,8,C,2.3,440
4,28,H,2.3,506
4,24,G,2.3,539
4,4,B,2.3,486
6,8,H,2.3,506
7,23,E,2.3,366
7,21,F,2.3,440
8,23,F,2.3,387
8,3,A,2.3,587
8,29,F,2.3,387
8,33,F,2.3,387
8,21,H,2.3,561
9,21,C,2.3,431
9,25,F,2.3,387
9,33,H,2.3,561
10,21,H,2.3,561
11,16,A,2.3,587
11,26,H,2.3,561
11,7,C,2.3,431
1,30,H,2.3,372
4,10,C,2.3,440
5,21,D,2.3,366
5,32,A,2.3,506
6,30,H,2.3,506
8,5,D,2.3,587
8,33,A,2.3,587
9,28,F,2.3,387
10,23,B,2.3,431
10,15,D,2.3,587
11,15,A,2.3,587
11,18,D,2.3,587
12,6,E,2.3,561
12,18,B,2.3,431
1,24,D,2.3,444
1,5,E,2.3,444
2,34,H,2.3,531
2,14,G,2.3,416
2,34,H,2.3,531
3,5,D,2.3,451
3,6,E,2.3,451
3,17,G,2.3,515
4,6,B,2.3,486
4,7,H,2.3,506
5,7,D,2.3,366
5,32,B,2.3,539
5,16,C,2.3,440
5,9,B,2.3,486
6,27,A,2.3,506
7,14,H,2.3,506
8,25,D,2.3,587
8,8,A,2.3,587
8,34,E,2.3,561
9,21,A,2.3,587
9,11,B,2.3,431
9,24,C,2.3,431
9,11,D,2.3,587
9,30,F,2.3,387
10,19,D,2.3,587
11,18,G,2.3,387
11,18,H,2.3,561
11,33,D,2.3,587
12,5,H,2.3,561
12,34,E,2.3,561
12,30,A,2.3,587
12,16,B,2.3,431
12,9,E,2.3,561
2,8,C,2.3,419
6,10,G,2.3,551
8,21,D,2.3,587
8,27,F,2.3,387
11,19,G,2.3,387
11,34,E,2.3,561
12,2,A,2.3,587
12,21,A,2.3,587
12,18,A,2.3,587
1,27,A,2.3,372
1,19,A,2.3,372
1,7,E,2.3,444
1,30,D,2.3,444
2,34,G,2.3,416
2,29,C,2.3,419
2,19,G,2.3,416
3,15,D,2.3,451
3,16,E,2.3,451
3,21,A,2.3,454
3,5,G,2.3,462
3,26,B,2.3,504
4,34,G,2.3,539
4,33,E,2.3,366
4,7,C,2.3,440
5,5,H,2.3,506
5,9,H,2.3,506
5,20,H,2.3,506
5,28,F,2.3,443
5,5,B,2.3,486
5,14,H,2.3,506
5,33,F,2.3,443
6,4,E,2.3,366
6,27,C,2.3,435
7,17,C,2.3,440
7,21,C,2.3,440
8,22,F,2.3,387
8,30,D,2.3,587
8,31,D,2.3,587
8,2,C,2.3,431
9,10,B,2.3,431
9,22,H,2.3,561
10,5,G,2.3,387
10,22,A,2.3,587
10,12,H,2.3,561
10,31,A,2.3,587
10,7,G,2.3,387
10,21,B,2.3,431
11,13,E,2.3,561
12,15,D,2.3,587
12,22,A,2.3,587
12,15,D,2.3,587
12,7,A,2.3,587
12,6,H,2.3,561
12,16,D,2.3,587
1,5,G,2.3,419
1,17,A,2.3,372
2,28,E,2.3,444
5,9,B,2.3,486
10,16,A,2.3,587
12,9,F,2.3,387
12,9,E,2.3,561
1,19,C,2.3,416
2,31,C,2.3,419
2,17,B,2.3,419
3,26,F,2.3,416
4,31,G,2.3,539
4,19,G,2.3,539
4,13,C,2.3,440
4,23,G,2.3,539
7,13,G,2.3,542
10,7,D,2.3,587
10,26,D,2.3,587
11,33,F,2.3,387
2,15,E,2.3,444
2,16,A,2.3,372
2,30,H,2.3,531
2,19,H,2.3,531
5,34,B,2.3,539
5,18,H,2.3,506
6,5,H,2.3,506
6,13,G,2.3,551
7,21,F,2.3,440
8,30,E,2.3,561
8,20,D,2.3,587
8,26,D,2.3,587
9,19,A,2.3,587
9,31,H,2.3,561
10,26,A,2.3,587
10,34,H,2.3,561
10,34,C,2.3,431
11,6,B,2.3,431
11,25,C,2.3,431
12,34,H,2.3,561
12,23,C,2.3,431
2,13,C,2.3,419
2,17,C,2.3,419
3,29,A,2.3,454
4,18,G,2.3,539
7,30,A,2.3,506
9,19,B,2.3,431
10,15,G,2.3,387
1,11,A,2.4,372
1,29,C,2.4,416
3,9,A,2.4,454
4,12,B,2.4,539
4,26,D,2.4,366
4,28,E,2.4,366
4,26,A,2.4,506
5,22,E,2.4,366
5,31,B,2.4,539
5,34,H,2.4,506
6,10,F,2.4,440
6,8,F,2.4,440
6,12,H,2.4,506
6,28,B,2.4,412
7,24,B,2.4,551
7,32,B,2.4,551
8,24,A,2.4,587
8,9,D,2.4,587
9,27,B,2.4,431
9,21,E,2.4,561
10,24,B,2.4,431
10,2,G,2.4,387
10,4,H,2.4,561
11,19,C,2.4,431
11,11,E,2.4,561
11,30,E,2.4,561
11,21,H,2.4,561
11,19,C,2.4,431
12,8,D,2.4,587
3,7,C,2.4,362
4,24,C,2.4,440
7,18,A,2.4,506
8,10,D,2.4,587
8,28,A,2.4,587
9,12,B,2.4,431
9,21,E,2.4,561
9,11,H,2.4,561
10,5,B,2.4,431
11,4,A,2.4,587
11,3,E,2.4,561
12,21,G,2.4,387
12,19,A,2.4,587
12,9,D,2.4,587
1,25,B,2.4,416
2,8,E,2.4,444
4,24,B,2.4,539
5,30,F,2.4,443
5,9,B,2.4,486
6,20,C,2.4,435
7,22,H,2.4,506
8,28,E,2.4,561
8,8,H,2.4,561
10,29,F,2.4,387
10,25,A,2.4,587
11,21,F,2.4,387
11,14,C,2.4,431
1,26,B,2.4,416
2,9,A,2.4,372
2,33,A,2.4,372
2,21,B,2.4,419
2,25,E,2.4,444
2,25,E,2.4,444
3,24,E,2.4,451
3,25,B,2.4,504
4,29,B,2.4,539
5,12,H,2.4,506
6,6,H,2.4,506
7,30,E,2.4,366
9,12,A,2.4,587
9,24,C,2.4,431
9,23,D,2.4,587
9,28,H,2.4,561
10,30,F,2.4,387
10,18,B,2.4,431
11,12,C,2.4,431
11,10,H,2.4,561
12,20,G,2.4,387
12,2,A,2.4,587
12,15,B,2.4,431
12,9,H,2.4,561
12,24,A,2.4,587
12,4,E,2.4,561
12,26,H,2.4,561
1,5,H,2.4,372
3,16,D,2.4,451
3,32,G,2.4,515
4,12,C,2.4,440
5,9,A,2.4,506
5,33,A,2.4,506
6,30,F,2.4,440
6,16,B,2.4,412
6,22,A,2.4,506
9,6,E,2.4,561
9,23,E,2.4,561
9,30,F,2.4,387
9,2,G,2.4,387
10,6,F,2.4,387
10,8,D,2.4,587
11,2,B,2.4,431
12,7,B,2.4,431
1,33,D,2.4,444
2,23,A,2.4,372
2,12,D,2.4,444
2,17,H,2.4,531
3,23,G,2.4,515
5,29,F,2.4,443
5,13,H,2.4,506
6,25,B,2.4,412
6,6,G,2.4,499
8,21,F,2.4,387
8,24,D,2.4,587
9,6,A,2.4,587
9,23,E,2.4,561
10,10,B,2.4,431
10,22,C,2.4,431
10,17,B,2.4,431
10,32,C,2.4,431
10,25,C,2.4,431
10,23,D,2.4,587
11,26,H,2.4,561
12,32,G,2.4,387
12,31,A,2.4,587
12,24,D,2.4,587
12,22,D,2.4,587
12,27,B,2.4,431
12,21,E,2.4,561
12,16,D,2.4,587
12,23,H,2.4,561
12,23,E,2.4,561
4,6,G,2.4,486
12,18,A,2.4,587
12,13,E,2.4,561
1,14,C,2.4,416
1,22,C,2.4,416
2,31,G,2.4,416
3,14,G,2.4,515
3,27,B,2.4,504
4,8,G,2.4,486
7,4,B,2.4,499
8,26,A,2.4,587
10,10,E,2.4,561
10,15,A,2.4,587
11,3,B,2.4,431
2,10,A,2.4,372
4,31,G,2.4,539
5,24,B,2.4,539
6,13,A,2.4,506
7,30,H,2.4,506
8,29,G,2.4,387
8,5,B,2.4,431
9,19,A,2.4,587
9,28,C,2.4,431
9,3,D,2.4,587
10,25,D,2.4,587
10,20,A,2.4,587
10,17,H,2.4,561
10,2,D,2.4,587
10,23,E,2.4,561
10,23,E,2.4,561
11,33,E,2.4,561
11,9,A,2.4,587
9,2,B,2.4,431
10,20,B,2.4,431
11,12,B,2.4,431
1,28,G,2.5,419
2,13,C,2.5,419
2,4,H,2.5,531
4,27,B,2.5,539
4,16,D,2.5,366
4,34,B,2.5,539
5,20,E,2.5,366
5,31,G,2.5,389
5,32,A,2.5,506
5,31,H,2.5,506
6,17,B,2.5,412
6,22,D,2.5,366
7,11,C,2.5,440
8,21,C,2.5,431
8,25,E,2.5,561
9,32,B,2.5,431
10,6,A,2.5,587
10,22,B,2.5,431
10,22,B,2.5,431
12,29,D,2.5,587
12,28,B,2.5,431
12,5,E,2.5,561
12,9,A,2.5,587
12,23,A,2.5,587
1,18,D,2.5,444
3,4,B,2.5,504
4,18,A,2.5,506
4,32,G,2.5,539
5,5,F,2.5,443
7,23,B,2.5,551
8,5,D,2.5,587
8,11,B,2.5,431
10,33,F,2.5,387
11,22,H,2.5,561
12,23,F,2.5,387
12,33,C,2.5,431
1,27,B,2.5,416
3,4,C,2.5,362
5,6,B,2.5,486
6,30,H,2.5,506
8,20,A,2.5,587
9,11,D,2.5,587
10,21,C,2.5,431
10,9,A,2.5,587
10,13,H,2.5,561
11,9,G,2.5,387
11,25,G,2.5,387
12,20,B,2.5,431
2,16,C,2.5,419
2,31,F,2.5,416
3,4,G,2.5,462
5,33,H,2.5,506
5,13,F,2.5,443
7,16,D,2.5,366
7,20,F,2.5,440
8,25,H,2.5,561
9,13,B,2.5,431
9,23,C,2.5,431
9,9,G,2.5,387
10,24,G,2.5,387
10,20,B,2.5,431
10,27,E,2.5,561
11,10,E,2.5,561
11,21,A,2.5,587
11,30,B,2.5,431
12,25,E,2.5,561
12,31,A,2.5,587
12,8,G,2.5,387
12,4,D,2.5,587
1,12,H,2.5,372
3,18,E,2.5,451
3,10,B,2.5,504
4,22,F,2.5,440
5,8,A,2.5,506
6,13,A,2.5,506
7,30,C,2.5,440
8,34,C,2.5,431
12,32,C,2.5,431
1,20,A,2.5,372
1,10,F,2.5,419
1,12,D,2.5,444
1,32,D,2.5,444
2,19,F,2.5,416
2,24,D,2.5,444
2,13,G,2.5,416
3,34,B,2.5,504
3,23,F,2.5,416
3,25,E,2.5,451
3,31,D,2.5,451
3,4,A,2.5,454
4,20,E,2.5,366
4,24,E,2.5,366
5,11,D,2.5,366
5,34,A,2.5,506
5,6,E,2.5,366
5,4,A,2.5,506
5,13,C,2.5,440
6,25,B,2.5,412
6,12,C,2.5,435
6,4,G,2.5,499
6,24,A,2.5,506
6,17,A,2.5,506
7,18,C,2.5,440
7,20,F,2.5,440
7,7,E,2.5,366
8,34,F,2.5,387
9,28,A,2.5,587
9,16,A,2.5,587
9,12,C,2.5,431
9,16,C,2.5,431
9,6,H,2.5,561
10,9,B,2.5,431
10,9,A,2.5,587
10,27,F,2.5,387
11,8,F,2.5,387
11,11,E,2.5,561
12,25,B,2.5,431
12,25,A,2.5,587
12,21,H,2.5,561
12,25,E,2.5,561
1,26,B,2.5,416
6,21,H,2.5,506
9,29,A,2.5,587
12,24,F,2.5,387
2,7,D,2.5,444
2,14,G,2.5,416
3,5,A,2.5,454
4,34,A,2.5,506
6,8,G,2.5,499
6,6,A,2.5,506
8,33,G,2.5,387
10,23,G,2.5,387
10,31,F,2.5,387
12,13,F,2.5,387
1,31,F,2.5,419
1,31,G,2.5,419
4,25,H,2.5,506
6,10,G,2.5,551
6,25,D,2.5,366
7,5,B,2.5,499
10,8,C,2.5,431
11,8,A,2.5,587
12,18,H,2.5,561
12,24,A,2.5,587
5,18,E,2.5,366
5,32,H,2.5,506
11,14,B,2.5,431
11,28,D,2.5,587
12,25,D,2.5,587
12,26,H,2.5,561
1,16,H,2.6,372
1,4,C,2.6,416
2,21,A,2.6,372
2,32,H,2.6,531
3,26,F,2.6,416
3,13,G,2.6,515
6,15,F,2.6,440
8,15,G,2.6,387
8,5,A,2.6,587
9,6,G,2.6,387
11,18,D,2.6,587
11,29,C,2.6,431
11,14,H,2.6,561
12,33,D,2.6,587
12,30,C,2.6,431
12,14,H,2.6,561
1,9,G,2.6,419
2,13,F,2.6,416
3,10,F,2.6,416
4,28,H,2.6,506
5,6,C,2.6,440
7,11,F,2.6,440
7,18,F,2.6,440
7,24,B,2.6,551
9,2,A,2.6,587
10,11,A,2.6,587
11,17,G,2.6,387
12,3,D,2.6,587
12,34,F,2.6,387
1,10,C,2.6,416
3,7,A,2.6,454
4,22,C,2.6,440
6,32,B,2.6,412
9,9,H,2.6,561
9,25,H,2.6,561
11,28,A,2.6,587
12,18,E,2.6,561
12,18,E,2.6,561
2,29,F,2.6,416
3,15,E,2.6,451
3,9,H,2.6,454
3,25,H,2.6,454
3,22,B,2.6,504
4,25,B,2.6,539
5,8,A,2.6,506
7,5,H,2.6,506
7,31,E,2.6,366
7,11,B,2.6,551
8,4,B,2.6,431
9,6,B,2.6,431
9,16,H,2.6,561
11,34,F,2.6,387
12,30,C,2.6,431
2,24,E,2.6,444
3,5,G,2.6,462
3,7,C,2.6,362
4,20,E,2.6,366
5,6,A,2.6,506
7,17,E,2.6,366
10,11,G,2.6,387
11,30,A,2.6,587
12,7,G,2.6,387
1,4,A,2.6,372
1,29,D,2.6,444
2,18,G,2.6,416
3,12,D,2.6,451
4,23,E,2.6,366
4,29,E,2.6,366
4,5,F,2.6,440
4,14,E,2.6,366
5,4,D,2.6,366
5,14,A,2.6,506
5,30,H,2.6,506
6,8,C,2.6,435
6,29,B,2.6,412
6,29,B,2.6,412
7,16,G,2.6,542
7,12,G,2.6,542
7,28,A,2.6,506
7,11,G,2.6,542
7,5,A,2.6,506
8,8,C,2.6,431
8,24,G,2.6,387
8,6,H,2.6,561
9,16,A,2.6,587
9,23,A,2.6,587
9,25,D,2.6,587
10,20,C,2.6,431
10,27,E,2.6,561
11,6,B,2.6,431
11,9,B,2.6,431
12,31,A,2.6,587
12,25,A,2.6,587
2,34,H,2.6,531
3,33,D,2.6,451
2,14,A,2.6,372
2,28,E,2.6,444
6,14,D,2.6,366
7,5,G,2.6,542
9,9,A,2.6,587
9,33,D,2.6,587
10,19,G,2.6,387
12,30,F,2.6,387
12,2,A,2.6,587
1,21,E,2.6,444
2,13,A,2.6,372
2,26,H,2.6,531
3,14,F,2.6,416
3,8,H,2.6,454
4,24,G,2.6,539
4,19,H,2.6,506
4,27,G,2.6,539
5,32,H,2.6,506
6,18,E,2.6,366
7,16,A,2.6,506
8,26,E,2.6,561
9,20,G,2.6,387
10,13,B,2.6,431
10,20,A,2.6,587
10,29,A,2.6,587
11,8,F,2.6,387
12,32,F,2.6,387
12,9,B,2.6,431
12,7,H,2.6,561
1,19,A,2.6,372
3,21,F,2.6,416
7,17,B,2.6,551
10,12,D,2.6,587
11,21,F,2.6,387
12,8,G,2.6,387
1,18,A,2.7,372
2,10,F,2.7,416
2,10,A,2.7,372
2,33,C,2.7,419
4,14,G,2.7,539
4,22,D,2.7,366
4,13,D,2.7,366
6,30,A,2.7,506
8,14,G,2.7,387
9,16,F,2.7,387
9,7,H,2.7,561
10,16,D,2.7,587
12,22,F,2.7,387
2,4,A,2.7,372
2,15,A,2.7,372
4,27,D,2.7,366
5,10,B,2.7,486
5,18,D,2.7,366
5,4,H,2.7,506
6,15,D,2.7,366
6,31,D,2.7,366
7,22,C,2.7,440
8,7,A,2.7,587
10,17,D,2.7,587
10,18,A,2.7,587
1,14,F,2.7,419
2,8,A,2.7,372
5,14,A,2.7,506
9,13,A,2.7,587
9,4,D,2.7,587
12,7,E,2.7,561
1,29,D,2.7,444
1,21,A,2.7,372
1,14,B,2.7,416
2,34,C,2.7,419
3,16,A,2.7,454
4,8,A,2.7,506
5,17,E,2.7,366
5,9,A,2.7,506
8,15,H,2.7,561
9,2,D,2.7,587
11,13,H,2.7,561
11,2,D,2.7,587
11,12,D,2.7,587
12,3,H,2.7,561
12,32,H,2.7,561
1,15,D,2.7,444
5,18,C,2.7,440
8,17,A,2.7,587
9,10,A,2.7,587
9,23,C,2.7,431
1,26,D,2.7,444
1,5,B,2.7,416
1,8,B,2.7,416
3,6,F,2.7,416
4,33,D,2.7,366
4,26,E,2.7,366
4,29,A,2.7,506
4,27,B,2.7,539
5,5,H,2.7,506
5,18,D,2.7,366
5,23,D,2.7,366
5,34,C,2.7,440
6,23,C,2.7,435
6,25,F,2.7,440
6,17,G,2.7,551
6,15,H,2.7,506
6,7,A,2.7,506
6,23,G,2.7,551
7,17,H,2.7,506
7,21,A,2.7,506
8,34,A,2.7,587
8,5,A,2.7,587
9,10,A,2.7,587
9,30,B,2.7,431
9,4,B,2.7,431
10,11,B,2.7,431
10,4,B,2.7,431
12,23,E,2.7,561
12,34,A,2.7,587
12,27,F,2.7,387
12,34,D,2.7,587
2,20,B,2.7,419
5,25,E,2.7,366
6,29,C,2.7,435
8,11,G,2.7,387
8,29,G,2.7,387
10,16,F,2.7,387
11,15,D,2.7,587
11,15,E,2.7,561
12,23,B,2.7,431
4,31,D,2.7,366
4,11,D,2.7,366
4,7,C,2.7,440
5,24,E,2.7,366
6,20,H,2.7,506
7,22,C,2.7,440
10,21,F,2.7,387
10,23,D,2.7,587
11,17,G,2.7,387
11,8,D,2.7,587
12,28,B,2.7,431
12,24,C,2.7,431
4,30,H,2.7,506
4,23,B,2.7,539
4,34,D,2.7,366
4,4,F,2.7,440
4,30,A,2.7,506
5,17,D,2.7,366
5,12,E,2.7,366
7,9,H,2.7,506
7,13,E,2.7,366
9,3,D,2.7,587
9,9,G,2.7,387
9,29,H,2.7,561
10,33,A,2.7,587
11,34,A,2.7,587
12,20,B,2.7,431
12,8,F,2.7,387
12,31,G,2.7,387
12,7,H,2.7,561
1,29,A,2.7,372
1,24,H,2.7,372
2,15,E,2.7,444
1,34,F,2.8,419
1,5,E,2.8,444
1,30,B,2.8,416
2,18,H,2.8,531
3,25,C,2.8,362
3,34,B,2.8,504
5,10,B,2.8,486
7,27,A,2.8,506
8,12,C,2.8,431
9,32,A,2.8,587
9,31,E,2.8,561
9,27,G,2.8,387
10,22,D,2.8,587
11,24,F,2.8,387
11,2,D,2.8,587
12,34,B,2.8,431
12,7,D,2.8,587
1,33,D,2.8,444
4,23,F,2.8,440
12,26,B,2.8,431
12,5,H,2.8,561
1,25,H,2.8,372
2,16,F,2.8,416
2,13,H,2.8,531
3,19,D,2.8,451
3,9,A,2.8,454
4,32,D,2.8,366
4,19,C,2.8,440
4,15,A,2.8,506
4,22,B,2.8,539
5,31,B,2.8,539
6,14,F,2.8,440
8,34,E,2.8,561
8,18,A,2.8,587
9,30,D,2.8,587
10,8,F,2.8,387
10,23,F,2.8,387
10,5,A,2.8,587
10,23,H,2.8,561
11,33,D,2.8,587
12,25,A,2.8,587
2,26,B,2.8,419
5,12,F,2.8,443
5,7,B,2.8,486
6,22,D,2.8,366
8,7,E,2.8,561
9,14,B,2.8,431
11,30,B,2.8,431
2,12,B,2.8,419
2,13,C,2.8,419
2,32,G,2.8,416
3,23,G,2.8,515
3,22,C,2.8,362
4,20,H,2.8,506
4,21,D,2.8,366
4,28,E,2.8,366
5,10,H,2.8,506
5,20,A,2.8,506
6,30,G,2.8,551
7,23,G,2.8,542
8,6,A,2.8,587
8,34,H,2.8,561
8,33,A,2.8,587
9,6,A,2.8,587
9,27,A,2.8,587
9,29,G,2.8,387
10,21,H,2.8,561
11,21,A,2.8,587
11,13,F,2.8,387
12,2,C,2.8,431
12,12,A,2.8,587
12,15,E,2.8,561
12,34,E,2.8,561
3,16,E,2.8,451
8,29,H,2.8,561
10,21,C,2.8,431
1,18,F,2.8,419
3,14,G,2.8,515
9,20,C,2.8,431
9,17,G,2.8,387
9,26,H,2.8,561
10,24,F,2.8,387
10,8,D,2.8,587
12,28,E,2.8,561
12,14,E,2.8,561
1,5,B,2.8,416
1,30,C,2.8,416
2,32,G,2.8,416
4,24,C,2.8,440
5,32,F,2.8,443
6,11,G,2.8,551
7,17,H,2.8,506
7,32,B,2.8,551
7,30,B,2.8,551
8,25,G,2.8,387
9,32,C,2.8,431
9,23,E,2.8,561
10,2,D,2.8,587
10,26,E,2.8,561
11,10,C,2.8,431
11,23,H,2.8,561
12,31,B,2.8,431
2,15,D,2.8,444
10,2,A,2.8,587
1,11,G,2.9,419
1,29,C,2.9,416
1,34,C,2.9,416
1,10,E,2.9,444
1,28,C,2.9,416
2,32,E,2.9,444
3,25,A,2.9,454
5,9,H,2.9,506
6,6,C,2.9,435
7,12,B,2.9,551
8,15,B,2.9,431
8,21,A,2.9,587
10,23,E,2.9,561
10,25,E,2.9,561
11,31,E,2.9,561
12,4,C,2.9,431
12,14,D,2.9,587
5,22,G,2.9,389
5,20,A,2.9,506
5,11,A,2.9,506
7,17,B,2.9,551
8,29,F,2.9,387
9,18,B,2.9,431
9,2,C,2.9,431
4,20,B,2.9,539
7,17,C,2.9,440
7,22,F,2.9,440
11,22,A,2.9,587
1,17,A,2.9,372
1,14,C,2.9,416
1,28,D,2.9,444
2,33,H,2.9,531
3,10,F,2.9,416
4,18,A,2.9,506
4,29,A,2.9,506
5,22,F,2.9,443
6,23,F,2.9,440
7,26,B,2.9,551
8,9,G,2.9,387
8,17,B,2.9,431
8,18,H,2.9,561
9,11,C,2.9,431
9,29,D,2.9,587
9,5,D,2.9,587
9,22,G,2.9,387
9,10,H,2.9,561
10,21,G,2.9,387
11,27,B,2.9,431
11,22,A,2.9,587
11,3,B,2.9,431
12,22,H,2.9,561
12,34,E,2.9,561
12,28,G,2.9,387
12,18,H,2.9,561
12,19,A,2.9,587
1,14,F,2.9,419
11,13,C,2.9,431
1,25,A,2.9,372
1,27,H,2.9,372
3,20,G,2.9,515
3,5,A,2.9,454
3,5,D,2.9,451
5,34,H,2.9,506
5,22,C,2.9,440
6,27,C,2.9,435
7,10,H,2.9,506
7,24,H,2.9,506
7,18,H,2.9,506
7,19,B,2.9,551
8,34,F,2.9,387
8,34,F,2.9,387
8,2,D,2.9,587
9,3,A,2.9,587
9,32,D,2.9,587
10,26,C,2.9,431
10,5,E,2.9,561
10,20,E,2.9,561
10,21,E,2.9,561
11,30,B,2.9,431
11,14,D,2.9,587
11,33,H,2.9,561
12,13,E,2.9,561
12,28,A,2.9,587
10,11,H,2.9,561
12,26,A,2.9,587
7,27,G,2.9,542
9,20,E,2.9,561
11,12,E,2.9,561
12,19,C,2.9,431
12,26,H,2.9,561
1,23,B,2.9,416
1,22,G,2.9,419
1,13,D,2.9,444
3,31,C,2.9,362
5,8,B,2.9,486
7,6,F,2.9,440
7,4,B,2.9,499
8,3,B,2.9,431
8,15,A,2.9,587
10,7,E,2.9,561
11,32,A,2.9,587
12,14,G,2.9,387
12,20,B,2.9,431
2,6,A,2.9,372
1,27,F,3.0,419
1,17,D,3.0,444
2,34,E,3.0,444
3,17,C,3.0,362
4,28,C,3.0,440
5,28,F,3.0,443
6,31,D,3.0,366
7,26,B,3.0,551
8,8,B,3.0,431
8,5,C,3.0,431
8,7,E,3.0,561
8,11,D,3.0,587
10,4,H,3.0,561
10,32,D,3.0,587
11,17,C,3.0,431
11,20,H,3.0,561
11,13,D,3.0,587
11,12,E,3.0,561
12,14,E,3.0,561
12,26,D,3.0,587
2,13,B,3.0,419
5,29,B,3.0,539
6,17,A,3.0,506
7,22,C,3.0,440
10,5,A,3.0,587
12,9,B,3.0,431
4,13,D,3.0,366
4,26,H,3.0,506
5,29,G,3.0,389
6,25,C,3.0,435
7,28,B,3.0,551
9,9,A,3.0,587
10,8,H,3.0,561
10,10,D,3.0,587
1,33,A,3.0,372
1,32,G,3.0,419
2,32,B,3.0,419
4,20,H,3.0,506
4,21,H,3.0,506
5,11,F,3.0,443
7,17,B,3.0,551
8,15,H,3.0,561
12,9,H,3.0,561
1,30,G,3.0,419
8,20,H,3.0,561
12,24,C,3.0,431
1,32,C,3.0,416
2,18,A,3.0,372
2,16,F,3.0,416
2,29,F,3.0,416
3,24,G,3.0,515
4,33,D,3.0,366
4,33,H,3.0,506
5,9,A,3.0,506
6,27,A,3.0,506
6,15,G,3.0,551
7,6,D,3.0,366
7,15,C,3.0,440
7,14,D,3.0,366
7,10,C,3.0,440
7,15,B,3.0,551
7,21,B,3.0,551
8,3,B,3.0,431
8,9,C,3.0,431
8,2,C,3.0,431
8,21,B,3.0,431
8,18,H,3.0,561
9,8,F,3.0,387
9,31,H,3.0,561
9,23,H,3.0,561
10,19,G,3.0,387
10,28,F,3.0,387
10,2,C,3.0,431
11,14,B,3.0,431
11,10,C,3.0,431
11,19,D,3.0,587
12,4,H,3.0,561
12,9,D,3.0,587
1,24,A,3.0,372
1,32,F,3.0,419
3,13,F,3.0,416
3,25,E,3.0,451
4,10,C,3.0,440
5,30,G,3.0,389
8,12,D,3.0,587
1,7,E,3.0,444
2,20,H,3.0,531
2,24,E,3.0,444
3,16,D,3.0,451
4,14,F,3.0,440
6,10,F,3.0,440
8,24,E,3.0,561
9,9,H,3.0,561
11,11,C,3.0,431
12,23,D,3.0,587
1,25,E,3.0,444
2,18,H,3.0,531
2,33,A,3.0,372
4,4,H,3.0,506
9,23,C,3.0,431
1,23,A,3.1,372
1,12,F,3.1,419
2,14,B,3.1,419
6,8,H,3.1,506
9,25,A,3.1,587
9,33,H,3.1,561
10,11,G,3.1,387
11,8,F,3.1,387
11,22,E,3.1,561
12,17,H,3.1,561
4,10,E,3.1,366
4,10,F,3.1,440
9,16,C,3.1,431
10,5,B,3.1,431
10,21,E,3.1,561
11,17,H,3.1,561
1,21,A,3.1,372
1,32,G,3.1,419
1,20,D,3.1,444
2,21,C,3.1,419
3,14,C,3.1,362
3,12,D,3.1,451
3,34,D,3.1,451
5,5,B,3.1,486
5,15,F,3.1,443
7,23,C,3.1,440
8,5,D,3.1,587
8,18,C,3.1,431
8,21,D,3.1,587
9,16,G,3.1,387
11,21,E,3.1,561
11,32,E,3.1,561
2,23,F,3.1,416
3,14,F,3.1,416
6,32,B,3.1,412
6,32,B,3.1,412
10,9,A,3.1,587
11,31,D,3.1,587
12,11,D,3.1,587
1,22,C,3.1,416
1,17,G,3.1,419
2,15,B,3.1,419
2,12,D,3.1,444
4,29,A,3.1,506
4,25,B,3.1,539
5,15,E,3.1,366
5,5,F,3.1,443
7,14,H,3.1,506
7,11,C,3.1,440
8,2,D,3.1,587
8,14,A,3.1,587
10,14,B,3.1,431
12,9,A,3.1,587
8,32,A,3.1,587
1,13,D,3.1,444
5,26,A,3.1,506
11,25,A,3.1,587
1,26,B,3.1,416
3,14,A,3.1,454
4,26,F,3.1,440
4,34,G,3.1,539
6,27,C,3.1,435
8,30,C,3.1,431
8,3,A,3.1,587
9,31,B,3.1,431
10,27,D,3.1,587
12,25,B,3.1,431
2,8,E,3.2,444
2,15,D,3.2,444
5,6,C,3.2,440
5,13,A,3.2,506
6,30,C,3.2,435
6,28,C,3.2,435
9,9,A,3.2,587
9,27,B,3.2,431
9,34,H,3.2,561
10,7,C,3.2,431
10,19,C,3.2,431
11,15,G,3.2,387
11,18,B,3.2,431
12,30,G,3.2,387
12,8,H,3.2,561
12,16,A,3.2,587
1,19,E,3.2,444
6,13,B,3.2,412
11,23,H,3.2,561
12,10,F,3.2,387
8,28,B,3.2,431
9,3,B,3.2,431
10,27,E,3.2,561
12,12,D,3.2,587
3,8,A,3.2,454
4,6,H,3.2,506
4,26,B,3.2,539
6,30,C,3.2,435
6,19,C,3.2,435
8,24,F,3.2,387
8,12,C,3.2,431
9,20,C,3.2,431
11,4,F,3.2,387
11,12,A,3.2,587
11,9,D,3.2,587
1,34,D,3.2,444
3,30,G,3.2,515
6,12,C,3.2,435
11,32,B,3.2,431
12,5,A,3.2,587
1,25,F,3.2,419
2,18,G,3.2,416
2,34,G,3.2,416
2,28,E,3.2,444
3,27,C,3.2,362
3,15,B,3.2,504
3,9,E,3.2,451
4,8,C,3.2,440
8,14,G,3.2,387
10,2,C,3.2,431
10,20,A,3.2,587
11,29,G,3.2,387
12,27,E,3.2,561
1,32,D,3.2,444
3,22,E,3.2,451
8,27,A,3.2,587
2,25,E,3.2,444
9,26,F,3.2,387
10,27,A,3.2,587
11,30,C,3.2,431
5,17,A,3.2,506
8,9,B,3.2,431
8,33,C,3.2,431
8,13,D,3.2,587
8,19,D,3.2,587
10,15,A,3.2,587
11,28,G,3.2,387
12,12,B,3.2,431
12,7,B,3.2,431
12,15,E,3.2,561
12,11,D,3.2,587
2,13,H,3.2,531
4,14,A,3.2,506
9,22,D,3.2,587
12,18,H,3.2,561
1,28,E,3.3,444
2,4,H,3.3,531
3,22,B,3.3,504
4,33,A,3.3,506
10,23,H,3.3,561
12,12,F,3.3,387
3,15,B,3.3,504
5,12,G,3.3,389
12,27,F,3.3,387
3,19,D,3.3,451
11,11,E,3.3,561
1,27,G,3.3,419
3,27,H,3.3,454
3,8,G,3.3,462
4,11,A,3.3,506
6,8,F,3.3,440
9,18,A,3.3,587
10,17,D,3.3,587
12,25,H,3.3,561
6,29,H,3.3,506
11,12,A,3.3,587
12,20,H,3.3,561
1,21,D,3.3,444
3,17,B,3.3,504
5,21,F,3.3,443
5,4,A,3.3,506
6,19,G,3.3,551
7,22,A,3.3,506
8,5,B,3.3,431
12,7,C,3.3,431
12,3,A,3.3,587
7,30,B,3.3,551
11,2,E,3.3,561
4,6,H,3.3,506
8,28,B,3.3,431
8,28,C,3.3,431
3,22,F,3.3,416
6,25,E,3.3,366
6,5,G,3.3,499
7,24,B,3.3,551
10,23,C,3.3,431
11,30,A,3.3,587
11,14,B,3.3,431
11,19,H,3.3,561
12,20,E,3.3,561
12,30,A,3.3,587
4,5,A,3.3,506
9,29,H,3.3,561
1,5,G,3.4,419
1,32,B,3.4,416
10,22,A,3.4,587
10,26,C,3.4,431
1,32,H,3.4,372
8,20,B,3.4,431
9,7,D,3.4,587
12,20,H,3.4,561
4,13,A,3.4,506
5,30,A,3.4,506
5,30,F,3.4,443
8,31,E,3.4,561
11,7,H,3.4,561
11,33,A,3.4,587
12,25,C,3.4,431
5,9,C,3.4,440
2,32,D,3.4,444
3,24,C,3.4,362
3,29,A,3.4,454
3,28,B,3.4,504
5,4,H,3.4,506
7,18,G,3.4,542
8,19,F,3.4,387
10,11,D,3.4,587
12,21,A,3.4,587
2,15,A,3.4,372
3,23,G,3.4,515
7,29,E,3.4,366
10,31,B,3.4,431
11,14,A,3.4,587
3,13,B,3.4,504
6,31,A,3.4,506
8,27,B,3.4,431
9,32,D,3.4,587
11,13,A,3.4,587
5,9,B,3.4,486
11,3,B,3.4,431
12,13,A,3.4,587
11,31,D,3.4,587
1,21,B,3.5,416
2,27,E,3.5,444
2,11,H,3.5,531
7,6,B,3.5,499
8,4,G,3.5,387
9,10,D,3.5,587
9,10,D,3.5,587
10,5,A,3.5,587
11,30,C,3.5,431
12,17,B,3.5,431
4,34,C,3.5,440
8,30,C,3.5,431
9,26,A,3.5,587
8,24,C,3.5,431
8,27,A,3.5,587
10,26,D,3.5,587
12,11,B,3.5,431
12,23,A,3.5,587
1,34,E,3.5,444
1,28,C,3.5,416
1,12,F,3.5,419
3,13,C,3.5,362
3,27,D,3.5,451
3,8,H,3.5,454
3,20,D,3.5,451
4,28,G,3.5,539
7,22,F,3.5,440
8,11,B,3.5,431
8,28,E,3.5,561
10,26,D,3.5,587
11,15,A,3.5,587
12,22,E,3.5,561
3,21,A,3.5,454
6,7,A,3.5,506
4,4,H,3.5,506
6,27,H,3.5,506
8,21,G,3.5,387
1,4,E,3.6,444
1,10,C,3.6,416
1,14,D,3.6,444
3,20,E,3.6,451
3,11,G,3.6,462
4,12,E,3.6,366
5,25,A,3.6,506
8,30,D,3.6,587
1,19,A,3.6,372
11,19,B,3.6,431
12,18,H,3.6,561
2,32,F,3.6,416
3,14,C,3.6,362
3,21,G,3.6,515
4,8,C,3.6,440
4,8,G,3.6,486
9,16,D,3.6,587
9,26,E,3.6,561
9,9,H,3.6,561
10,28,E,3.6,561
11,4,A,3.6,587
11,13,E,3.6,561
1,18,G,3.6,419
1,18,G,3.6,419
2,34,D,3.6,444
3,28,B,3.6,504
4,14,D,3.6,366
4,6,C,3.6,440
4,20,F,3.6,440
6,14,A,3.6,506
6,15,G,3.6,551
7,4,G,3.6,542
8,26,D,3.6,587
10,5,H,3.6,561
10,7,A,3.6,587
10,8,D,3.6,587
11,20,C,3.6,431
11,29,A,3.6,587
1,11,A,3.6,372
9,8,G,3.6,387
11,11,G,3.6,387
11,22,A,3.6,587
1,14,H,3.6,372
1,16,D,3.6,444
4,26,A,3.6,506
7,32,B,3.6,551
7,18,H,3.6,506
7,18,H,3.6,506
7,9,H,3.6,506
11,16,D,3.6,587
12,20,G,3.6,387
1,9,H,3.7,372
2,32,E,3.7,444
3,24,G,3.7,515
3,32,G,3.7,515
5,22,B,3.7,539
6,25,C,3.7,435
8,33,H,3.7,561
11,18,A,3.7,587
4,30,H,3.7,506
1,19,G,3.7,419
1,12,E,3.7,444
3,27,B,3.7,504
4,20,G,3.7,539
4,31,H,3.7,506
5,32,A,3.7,506
6,5,D,3.7,366
6,28,A,3.7,506
8,11,A,3.7,587
11,31,F,3.7,387
8,13,D,3.7,587
1,5,C,3.7,416
2,17,H,3.7,531
4,31,D,3.7,366
4,20,E,3.7,366
6,5,G,3.7,499
7,32,H,3.7,506
9,31,C,3.7,431
9,29,H,3.7,561
10,29,F,3.7,387
11,13,C,3.7,431
11,19,C,3.7,431
11,14,C,3.7,431
11,4,D,3.7,587
1,34,F,3.7,419
5,7,B,3.7,486
7,15,H,3.7,506
8,12,D,3.7,587
10,2,A,3.7,587
1,24,E,3.7,444
1,5,A,3.8,372
1,18,D,3.8,444
4,11,G,3.8,486
4,17,H,3.8,506
7,29,H,3.8,506
7,15,B,3.8,551
9,27,A,3.8,587
9,7,D,3.8,587
10,24,F,3.8,387
10,24,A,3.8,587
11,14,H,3.8,561
12,25,A,3.8,587
12,9,E,3.8,561
1,8,B,3.8,416
1,4,B,3.8,416
10,33,C,3.8,431
12,26,B,3.8,431
9,23,E,3.8,561
1,18,A,3.8,372
7,18,H,3.8,506
10,2,A,3.8,587
4,12,A,3.8,506
1,18,G,3.8,419
1,9,D,3.8,444
1,23,B,3.8,416
3,26,A,3.8,454
3,28,B,3.8,504
4,30,A,3.8,506
6,16,B,3.8,412
6,29,A,3.8,506
7,24,D,3.8,366
7,32,G,3.8,542
9,27,G,3.8,387
10,21,C,3.8,431
11,10,G,3.8,387
11,2,H,3.8,561
11,2,H,3.8,561
11,34,E,3.8,561
5,17,E,3.8,366
5,23,A,3.8,506
11,33,B,3.8,431
6,17,A,3.8,506
10,15,F,3.8,387
10,10,E,3.8,561
12,6,H,3.8,561
4,31,A,3.8,506
7,8,C,3.8,440
7,14,B,3.8,551
8,22,F,3.8,387
8,7,E,3.8,561
11,20,G,3.8,387
4,8,C,3.8,440
6,13,A,3.9,506
11,15,D,3.9,587
2,7,A,3.9,372
6,7,B,3.9,412
10,23,F,3.9,387
10,9,H,3.9,561
11,19,A,3.9,587
8,15,E,3.9,561
11,26,D,3.9,587
3,14,G,3.9,515
5,19,E,3.9,366
5,18,G,3.9,389
9,16,D,3.9,587
9,3,F,3.9,387
9,25,G,3.9,387
12,4,B,3.9,431
1,14,C,3.9,416
2,26,B,3.9,419
3,23,E,3.9,451
4,29,A,3.9,506
5,24,B,3.9,539
6,26,D,3.9,366
6,26,A,3.9,506
10,13,G,3.9,387
10,13,D,3.9,587
10,12,D,3.9,587
11,3,E,3.9,561
11,33,H,3.9,561
5,33,B,3.9,539
9,33,C,3.9,431
9,20,E,3.9,561
1,21,G,3.9,419
3,19,G,3.9,515
11,21,F,3.9,387
11,18,H,3.9,561
11,21,A,3.9,587
12,32,B,3.9,431
11,24,D,3.9,587
2,32,B,4.0,419
5,22,H,4.0,506
11,6,B,4.0,431
12,25,A,4.0,587
2,34,A,4.0,372
3,21,A,4.0,454
4,24,H,4.0,506
4,15,C,4.0,440
7,7,C,4.0,440
8,21,A,4.0,587
10,31,F,4.0,387
12,22,E,4.0,561
12,4,G,4.0,387
1,29,A,4.0,372
1,23,A,4.0,372
1,20,B,4.0,416
2,12,E,4.0,444
2,21,D,4.0,444
2,23,A,4.0,372
3,28,A,4.0,454
3,21,F,4.0,416
3,26,F,4.0,416
3,33,D,4.0,451
4,4,H,4.0,506
6,25,E,4.0,366
6,11,C,4.0,435
6,17,C,4.0,435
7,31,D,4.0,366
7,31,D,4.0,366
7,24,E,4.0,366
8,24,G,4.0,387
8,17,D,4.0,587
9,27,C,4.0,431
10,26,H,4.0,561
11,18,F,4.0,387
11,23,F,4.0,387
12,10,A,4.0,587
9,30,E,4.0,561
7,30,D,4.0,366
10,2,D,4.0,587
11,34,C,4.0,431
1,4,G,4.0,419
4,14,G,4.0,539
10,28,F,4.0,387
1,27,B,4.1,416
4,27,F,4.1,440
8,30,D,4.1,587
12,16,B,4.1,431
12,24,A,4.1,587
7,21,C,4.1,440
9,34,E,4.1,561
12,9,B,4.1,431
12,15,D,4.1,587
1,24,F,4.1,419
2,34,E,4.1,444
9,6,E,4.1,561
12,9,F,4.1,387
2,20,B,4.1,419
7,26,E,4.1,366
7,6,H,4.1,506
9,7,A,4.1,587
9,6,E,4.1,561
10,6,D,4.1,587
10,2,C,4.1,431
10,14,H,4.1,561
5,6,G,4.1,389
10,5,A,4.1,587
2,24,E,4.1,444
9,32,A,4.1,587
9,2,F,4.1,387
9,30,G,4.1,387
10,16,D,4.1,587
11,25,D,4.1,587
7,14,G,4.1,542
1,28,E,4.1,444
7,28,D,4.1,366
7,32,G,4.1,542
7,32,B,4.1,551
8,25,E,4.1,561
8,22,A,4.1,587
11,7,G,4.1,387
9,23,E,4.1,561
5,28,B,4.2,539
8,23,E,4.2,561
9,16,E,4.2,561
11,24,F,4.2,387
1,30,G,4.2,419
3,32,E,4.2,451
5,5,F,4.2,443
10,30,F,4.2,387
11,21,E,4.2,561
2,32,F,4.2,416
4,18,E,4.2,366
4,15,A,4.2,506
6,30,E,4.2,366
1,34,G,4.2,419
5,8,F,4.2,443
5,34,E,4.2,366
1,14,A,4.2,372
11,33,H,4.2,561
11,30,D,4.2,587
7,7,G,4.3,542
11,14,G,4.3,387
11,22,E,4.3,561
3,11,E,4.3,451
4,27,C,4.3,440
4,32,C,4.3,440
5,33,B,4.3,539
8,11,E,4.3,561
8,22,G,4.3,387
8,14,B,4.3,431
10,7,A,4.3,587
11,28,D,4.3,587
12,26,D,4.3,587
1,34,D,4.3,444
9,33,B,4.3,431
12,10,E,4.3,561
12,9,E,4.3,561
1,13,D,4.3,444
6,29,C,4.4,435
9,7,B,4.4,431
9,22,G,4.4,387
12,24,A,4.4,587
6,14,H,4.4,506
9,31,E,4.4,561
11,18,E,4.4,561
1,31,B,4.4,416
8,34,F,4.4,387
3,8,F,4.4,416
5,20,H,4.4,506
9,28,E,4.4,561
11,33,B,4.4,431
12,19,D,4.4,587
12,2,A,4.4,587
12,33,H,4.4,561
1,23,H,4.4,372
3,17,C,4.4,362
11,4,D,4.4,587
8,11,A,4.4,587
9,6,A,4.4,587
2,33,G,4.4,416
2,14,D,4.4,444
12,13,D,4.4,587
4,6,B,4.5,486
8,21,D,4.5,587
9,5,A,4.5,587
9,13,D,4.5,587
12,7,G,4.5,387
12,15,C,4.5,431
1,9,E,4.5,444
7,13,C,4.5,440
2,9,E,4.5,444
3,5,D,4.5,451
7,10,G,4.5,542
1,16,F,4.5,419
1,8,E,4.5,444
2,15,D,4.5,444
5,33,E,4.5,366
5,14,D,4.5,366
5,21,H,4.5,506
9,21,D,4.5,587
10,8,C,4.5,431
7,14,B,4.5,551
8,15,C,4.5,431
12,34,E,4.5,561
4,6,D,4.5,366
3,27,C,4.6,362
9,2,A,4.6,587
11,31,G,4.6,387
12,16,G,4.6,387
4,8,D,4.6,366
11,11,D,4.6,587
11,27,A,4.6,587
10,16,D,4.6,587
1,20,D,4.6,444
4,8,G,4.6,486
8,27,C,4.6,431
8,5,A,4.6,587
9,9,G,4.6,387
10,33,B,4.6,431
5,12,G,4.6,389
2,8,A,4.6,372
8,14,E,4.6,561
3,32,F,4.7,416
5,7,D,4.7,366
6,32,B,4.7,412
12,15,G,4.7,387
1,32,D,4.7,444
6,27,C,4.7,435
7,4,D,4.7,366
10,11,A,4.7,587
12,17,H,4.7,561
12,12,H,4.7,561
7,7,D,4.7,366
7,19,D,4.7,366
5,8,C,4.7,440
9,23,A,4.7,587
12,24,D,4.7,587
4,6,E,4.8,366
11,31,B,4.8,431
2,13,G,4.8,416
4,31,C,4.8,440
2,14,C,4.8,419
2,6,G,4.8,416
5,17,A,4.8,506
6,21,D,4.8,366
8,32,A,4.8,587
9,26,A,4.8,587
1,13,A,4.8,372
4,4,H,4.8,506
5,27,B,4.8,539
8,28,E,4.8,561
10,29,A,4.8,587
10,13,D,4.8,587
10,34,A,4.8,587
4,32,B,4.8,539
7,11,E,4.9,366
10,17,G,4.9,387
2,27,E,4.9,444
5,15,G,4.9,389
11,4,A,4.9,587
7,9,E,4.9,366
2,4,A,4.9,372
2,27,A,4.9,372
3,27,E,4.9,451
12,2,B,4.9,431
12,20,E,4.9,561
11,10,H,4.9,561
6,27,D,4.9,366
8,13,F,4.9,387
11,10,B,4.9,431
11,9,G,4.9,387
4,5,A,5.0,506
7,11,G,5.0,542
10,15,A,5.0,587
11,17,G,5.0,387
12,20,H,5.0,561
9,12,D,5.0,587
4,20,D,5.0,366
9,30,H,5.0,561
3,20,G,5.0,515
1,19,C,5.0,416
2,15,A,5.0,372
2,33,C,5.0,419
2,32,G,5.0,416
3,33,F,5.0,416
4,18,H,5.0,506
5,17,D,5.0,366
5,25,D,5.0,366
6,4,G,5.0,499
6,4,H,5.0,506
8,15,F,5.0,387
10,13,G,5.0,387
11,28,D,5.0,587
12,23,C,5.0,431
12,8,C,5.0,431
12,5,B,5.0,431
4,24,H,5.0,506
10,10,A,5.0,587
3,13,C,5.0,362
4,12,E,5.0,366
4,14,F,5.0,440
3,26,B,5.1,504
7,12,C,5.1,440
8,7,G,5.1,387
6,23,G,5.1,551
7,18,H,5.1,506
10,16,F,5.1,387
1,14,H,5.1,372
5,34,C,5.1,440
6,25,B,5.1,412
3,15,F,5.1,416
3,14,F,5.1,416
4,29,D,5.1,366
5,18,E,5.1,366
6,31,A,5.1,506
10,25,C,5.1,431
11,19,G,5.1,387
4,9,E,5.1,366
4,16,C,5.1,440
5,17,D,5.1,366
7,27,D,5.2,366
10,4,F,5.2,387
8,30,F,5.2,387
1,13,H,5.2,372
2,23,A,5.2,372
9,6,B,5.2,431
9,9,C,5.2,431
3,23,C,5.2,362
10,10,G,5.2,387
1,21,G,5.2,419
2,23,B,5.2,419
2,13,C,5.2,419
2,31,B,5.2,419
3,5,D,5.2,451
4,11,F,5.2,440
5,16,F,5.2,443
5,34,E,5.2,366
6,16,B,5.2,412
7,24,A,5.2,506
7,14,H,5.2,506
8,17,F,5.2,387
8,22,A,5.2,587
9,9,A,5.2,587
12,9,F,5.2,387
1,17,A,5.2,372
1,22,D,5.2,444
3,34,C,5.2,362
6,11,E,5.2,366
7,29,H,5.2,506
2,16,F,5.3,416
4,31,D,5.3,366
5,6,G,5.3,389
5,9,A,5.3,506
8,8,C,5.3,431
11,28,G,5.3,387
2,7,A,5.3,372
7,21,D,5.3,366
12,14,E,5.3,561
4,19,E,5.3,366
4,33,D,5.3,366
5,5,E,5.3,366
12,28,H,5.3,561
1,12,A,5.3,372
2,5,C,5.3,419
4,8,D,5.3,366
4,14,E,5.3,366
5,28,C,5.3,440
6,10,E,5.3,366
9,31,H,5.3,561
10,4,H,5.3,561
11,8,F,5.3,387
11,15,G,5.3,387
7,14,F,5.3,440
8,13,B,5.3,431
4,23,D,5.3,366
5,6,C,5.4,440
5,34,E,5.4,366
11,24,H,5.4,561
12,16,G,5.4,387
3,10,F,5.4,416
1,24,H,5.4,372
7,24,D,5.4,366
7,11,F,5.4,440
7,28,G,5.4,542
9,6,C,5.4,431
5,18,G,5.4,389
8,9,G,5.4,387
2,16,A,5.4,372
3,6,F,5.4,416
4,15,C,5.4,440
4,11,D,5.4,366
5,25,C,5.4,440
5,22,G,5.4,389
5,22,G,5.4,389
6,16,C,5.4,435
6,16,C,5.4,435
6,30,D,5.4,366
7,23,C,5.4,440
7,7,C,5.4,440
7,7,D,5.4,366
7,10,C,5.4,440
8,25,D,5.4,587
10,8,C,5.4,431
11,7,H,5.4,561
12,12,G,5.4,387
3,4,G,5.4,462
10,10,D,5.4,587
11,4,F,5.4,387
1,10,F,5.4,419
6,5,D,5.5,366
6,17,B,5.5,412
6,30,G,5.5,551
7,27,D,5.5,366
8,10,A,5.5,587
12,18,A,5.5,587
10,20,E,5.5,561
9,8,C,5.5,431
1,5,A,5.5,372
2,20,B,5.5,419
3,14,C,5.5,362
5,27,C,5.5,440
7,13,F,5.5,440
8,3,B,5.5,431
9,11,F,5.5,387
9,20,G,5.5,387
10,5,G,5.5,387
12,19,H,5.5,561
2,22,A,5.5,372
4,11,H,5.5,506
5,24,G,5.5,389
11,14,G,5.5,387
3,9,H,5.5,454
5,17,F,5.5,443
10,32,G,5.5,387
6,29,D,5.6,366
6,12,E,5.6,366
2,12,C,5.6,419
5,15,E,5.6,366
5,9,G,5.6,389
7,31,A,5.6,506
9,16,C,5.6,431
11,24,F,5.6,387
7,6,F,5.6,440
1,20,B,5.6,416
5,28,C,5.6,440
5,34,H,5.6,506
6,18,G,5.6,551
6,28,D,5.6,366
7,22,D,5.6,366
7,9,H,5.6,506
7,9,C,5.6,440
8,22,B,5.6,431
8,22,F,5.6,387
9,16,E,5.6,561
10,6,F,5.6,387
11,2,B,5.6,431
3,8,G,5.6,462
4,25,E,5.6,366
11,19,G,5.6,387
2,21,F,5.7,416
11,32,B,5.7,431
1,10,B,5.7,416
9,7,F,5.7,387
11,13,G,5.7,387
12,5,G,5.7,387
12,24,G,5.7,387
12,21,E,5.7,561
1,19,D,5.7,444
2,26,C,5.7,419
5,19,C,5.7,440
6,26,D,5.7,366
7,18,F,5.7,440
9,25,F,5.7,387
12,15,B,5.7,431
12,33,F,5.7,387
12,14,H,5.7,561
12,33,H,5.7,561
2,9,A,5.7,372
1,29,C,5.7,416
4,16,D,5.7,366
6,25,F,5.7,440
8,15,F,5.7,387
9,23,E,5.7,561
2,34,C,5.7,419
5,30,F,5.7,443
1,9,E,5.8,444
1,24,E,5.8,444
11,22,D,5.8,587
5,8,A,5.8,506
1,16,D,5.8,444
7,18,G,5.8,542
9,4,C,5.8,431
1,22,G,5.8,419
1,17,G,5.8,419
1,30,H,5.8,372
2,8,E,5.8,444
4,14,G,5.8,539
5,10,B,5.8,486
5,30,F,5.8,443
6,23,B,5.8,412
6,9,B,5.8,412
8,27,F,5.8,387
9,4,A,5.8,587
9,22,G,5.8,387
10,31,G,5.8,387
11,6,C,5.8,431
11,15,D,5.8,587
12,32,G,5.8,387
12,26,B,5.8,431
2,31,D,5.8,444
3,33,E,5.8,451
2,13,C,5.8,419
9,6,A,5.8,587
11,21,A,5.9,587
6,18,B,5.9,412
9,7,B,5.9,431
12,32,F,5.9,387
8,27,C,5.9,431
11,25,G,5.9,387
7,9,H,5.9,506
11,17,B,5.9,431
5,12,F,5.9,443
8,30,B,5.9,431
6,17,C,5.9,435
12,15,D,5.9,587
2,32,D,5.9,444
11,25,C,5.9,431
1,23,D,6.0,444
1,34,D,6.0,444
3,10,E,6.0,451
3,34,F,6.0,416
9,12,B,6.0,431
10,5,B,6.0,431
1,4,G,6.0,419
4,7,C,6.0,440
5,26,G,6.0,389
7,7,A,6.0,506
10,23,G,6.0,387
3,32,D,6.0,451
11,33,C,6.0,431
2,24,D,6.0,444
3,12,D,6.0,451
3,15,A,6.0,454
3,25,E,6.0,451
4,31,C,6.0,440
4,34,C,6.0,440
4,4,H,6.0,506
4,27,F,6.0,440
4,26,F,6.0,440
4,6,H,6.0,506
5,24,B,6.0,539
5,5,A,6.0,506
6,14,H,6.0,506
7,21,F,6.0,440
9,11,B,6.0,431
9,18,B,6.0,431
9,30,B,6.0,431
9,12,E,6.0,561
9,27,G,6.0,387
10,27,F,6.0,387
11,15,C,6.0,431
11,29,C,6.0,431
11,31,F,6.0,387
11,2,E,6.0,561
11,20,B,6.0,431
11,19,B,6.0,431
11,8,A,6.0,587
12,7,B,6.0,431
12,34,D,6.0,587
9,30,G,6.0,387
6,23,C,6.0,435
12,31,F,6.1,387
2,21,G,6.1,416
7,5,B,6.1,499
4,11,G,6.1,486
12,22,C,6.1,431
10,28,F,6.1,387
10,11,C,6.1,431
12,20,C,6.1,431
1,25,F,6.1,419
3,24,B,6.1,504
5,21,C,6.1,440
7,29,H,6.1,506
7,13,C,6.1,440
12,19,C,6.1,431
4,16,A,6.1,506
2,19,D,6.1,444
4,18,A,6.2,506
7,19,B,6.2,551
11,25,D,6.2,587
3,23,E,6.2,451
3,27,E,6.2,451
5,22,H,6.2,506
9,13,C,6.2,431
9,15,H,6.2,561
11,20,B,6.2,431
11,10,B,6.2,431
12,12,B,6.2,431
2,10,G,6.2,416
9,28,B,6.2,431
12,11,A,6.2,587
3,23,G,6.2,515
4,10,B,6.2,486
1,23,F,6.2,419
10,30,C,6.2,431
2,32,F,6.3,416
4,32,C,6.3,440
9,10,C,6.3,431
12,28,C,6.3,431
3,10,A,6.3,454
5,13,A,6.3,506
12,14,B,6.3,431
3,21,A,6.3,454
4,6,B,6.3,486
8,25,E,6.3,561
9,9,H,6.3,561
12,15,C,6.3,431
5,12,B,6.3,539
11,14,C,6.3,431
5,8,B,6.4,486
6,13,A,6.4,506
11,32,F,6.4,387
1,31,F,6.4,419
10,24,B,6.4,431
5,8,B,6.4,486
10,33,B,6.4,431
10,2,H,6.4,561
3,30,E,6.4,451
4,7,H,6.4,506
2,20,H,6.4,531
4,27,C,6.5,440
7,9,G,6.5,542
10,14,D,6.5,587
3,25,A,6.5,454
5,14,H,6.5,506
8,13,B,6.5,431
4,12,A,6.5,506
6,8,H,6.5,506
8,18,B,6.5,431
11,31,C,6.5,431
11,28,E,6.5,561
3,11,A,6.5,454
4,12,B,6.5,539
7,17,G,6.5,542
5,27,H,6.5,506
10,34,B,6.6,431
5,8,A,6.6,506
6,14,G,6.6,551
4,18,A,6.6,506
6,15,H,6.6,506
11,12,H,6.6,561
5,5,H,6.6,506
12,32,B,6.6,431
3,14,H,6.7,454
1,16,E,6.7,444
6,18,H,6.8,506
9,34,A,6.8,587
7,17,H,6.8,506
12,4,E,6.8,561
3,14,G,6.8,515
9,13,E,6.8,561
10,33,C,6.8,431
7,15,G,6.9,542
2,32,H,6.9,531
2,32,H,6.9,531
5,26,A,6.9,506
11,32,E,7.0,561
4,18,B,7.0,539
3,22,B,7.0,504
4,26,A,7.0,506
7,24,B,7.0,551
8,18,D,7.0,587
10,9,H,7.0,561
11,13,H,7.0,561
9,6,E,7.0,561
6,28,G,7.0,551
11,7,H,7.0,561
9,11,E,7.1,561
7,15,G,7.1,542
11,16,H,7.1,561
6,32,G,7.1,551
8,22,H,7.1,561
11,14,E,7.1,561
11,6,D,7.1,587
6,19,G,7.1,551
9,24,A,7.1,587
10,32,E,7.2,561
12,28,E,7.2,561
12,27,D,7.2,587
7,10,G,7.2,542
7,14,B,7.2,551
8,24,H,7.2,561
10,26,E,7.2,561
3,33,B,7.2,504
3,29,G,7.2,515
4,25,B,7.2,539
10,31,H,7.2,561
12,13,E,7.2,561
12,20,E,7.2,561
7,7,A,7.2,506
8,5,A,7.3,587
4,33,H,7.3,506
12,20,H,7.3,561
11,13,A,7.3,587
12,15,E,7.3,561
8,17,A,7.4,587
4,31,B,7.4,539
11,24,A,7.4,587
12,9,A,7.4,587
12,26,H,7.4,561
8,15,H,7.4,561
9,9,H,7.4,561
11,22,A,7.5,587
10,11,H,7.5,561
11,25,H,7.5,561
7,17,B,7.5,551
9,20,A,7.5,587
10,22,A,7.6,587
8,31,D,7.7,587
11,31,E,7.7,561
11,30,E,7.7,561
12,29,A,7.7,587
9,25,E,7.7,561
11,10,A,7.8,587
11,16,A,7.8,587
12,8,D,7.8,587
8,17,A,7.8,587
9,15,H,7.8,561
11,13,D,7.8,587
9,30,H,8.0,561
12,29,D,8.2,587
12,26,A,8.3,587
11,11,D,8.3,587
12,28,A,8.4,587
11,22,A,8.5,587
11,27,D,8.5,587
12,19,A,8.5,587
12,29,A,8.8,587
